scorer,DeepCut_resnet50_dlc_webcam_analysisAug5shuffle1_435000,DeepCut_resnet50_dlc_webcam_analysisAug5shuffle1_435000,DeepCut_resnet50_dlc_webcam_analysisAug5shuffle1_435000,DeepCut_resnet50_dlc_webcam_analysisAug5shuffle1_435000,DeepCut_resnet50_dlc_webcam_analysisAug5shuffle1_435000,DeepCut_resnet50_dlc_webcam_analysisAug5shuffle1_435000,DeepCut_resnet50_dlc_webcam_analysisAug5shuffle1_435000,DeepCut_resnet50_dlc_webcam_analysisAug5shuffle1_435000,DeepCut_resnet50_dlc_webcam_analysisAug5shuffle1_435000
bodyparts,elbow,elbow,elbow,wrist,wrist,wrist,hand,hand,hand
coords,x,y,likelihood,x,y,likelihood,x,y,likelihood
0,4.191326439380646,189.15325736999512,7.81714916229248e-05,3.2424201369285583,188.41215133666992,0.00027802586555480957,3.0697537064552307,185.0156273841858,5.170702934265137e-05
1,488.2038583755493,302.1013321876526,0.00013774633407592773,3.2943707704544067,187.75070606172085,5.981326103210449e-05,0.4075655937194824,180.12465860694647,1.9669532775878906e-05
2,488.2926526069641,302.17009472846985,2.3126602172851562e-05,3.522906631231308,187.6600191295147,4.342198371887207e-05,0.7843606472015381,180.25152987241745,2.1785497665405273e-05
3,2.6179397106170654,188.39665868878365,1.671910285949707e-05,3.196465790271759,187.6971553862095,3.8504600524902344e-05,0.7480733394622803,180.48336401581764,1.811981201171875e-05
4,2.6414541006088257,188.34565725922585,1.633167266845703e-05,4.313590586185455,141.22013783454895,3.325939178466797e-05,0.5962305068969727,180.5792657136917,1.4096498489379883e-05
5,2.530738592147827,188.25938802957535,2.0235776901245117e-05,3.2105809450149536,187.4542574286461,4.202127456665039e-05,0.6202173233032227,181.07628309726715,1.6868114471435547e-05
6,2.2977771759033203,188.63303685188293,1.7315149307250977e-05,3.189043879508972,187.97784852050245,5.1856040954589844e-05,0.5384218692779541,181.1526379585266,1.8835067749023438e-05
7,487.8259596824646,301.78122103214264,1.3172626495361328e-05,2.9810292720794678,188.40168926119804,4.521012306213379e-05,0.29860568046569824,181.37234234809875,1.4990568161010742e-05
8,2.158734679222107,188.23581989109516,1.5050172805786133e-05,2.895153284072876,188.44933265447617,5.042552947998047e-05,0.43111491203308105,181.2745623588562,1.8537044525146484e-05
9,223.22315645217896,250.9098597764969,1.1831521987915039e-05,2.6151058673858643,188.5327615737915,2.3752450942993164e-05,0.3411722183227539,181.455148935318,1.0818243026733398e-05
10,1.4392993450164795,188.12387021631002,5.185604095458984e-06,2.4615427255630493,188.96518033742905,3.2961368560791016e-05,0.7508883476257324,181.32049572467804,1.5228986740112305e-05
11,1.33158278465271,187.84116990864277,4.947185516357422e-06,2.3495936393737793,188.59788173437119,2.6285648345947266e-05,0.5849840641021729,181.37468242645264,1.138448715209961e-05
12,0.82027268409729,187.6539287865162,4.172325134277344e-06,2.3451045751571655,189.15789878368378,2.390146255493164e-05,0.21082472801208496,181.52562296390533,1.1533498764038086e-05
13,222.09654068946838,245.0577573776245,1.3083219528198242e-05,2.411446690559387,189.1547313928604,1.290440559387207e-05,0.39922451972961426,181.56752169132233,6.377696990966797e-06
14,222.91869187355042,250.00718128681183,3.8504600524902344e-05,380.1958150267601,369.1511564254761,1.823902130126953e-05,0.05090594291687012,181.8071367740631,5.9604644775390625e-06
15,222.37274169921875,250.31214821338654,3.8057565689086914e-05,380.1269513517618,369.32787466049194,4.9591064453125e-05,-0.018707275390625,181.54846584796906,6.765127182006836e-06
16,222.30133080482483,251.07224249839783,3.403425216674805e-05,379.99530547112226,369.10248279571533,5.352497100830078e-05,0.10842633247375488,181.54199266433716,3.725290298461914e-06
17,222.40171003341675,250.86291098594666,4.369020462036133e-05,379.9401216842234,369.04139041900635,5.6803226470947266e-05,0.12073945999145508,181.30662667751312,5.543231964111328e-06
18,222.32016348838806,251.01993310451508,2.3186206817626953e-05,379.9864205829799,368.8813889026642,4.9740076065063477e-05,0.16800475120544434,181.48113214969635,4.589557647705078e-06
19,222.37309098243713,250.84879565238953,2.3037195205688477e-05,379.94917406886816,368.99109864234924,4.342198371887207e-05,0.30406713485717773,181.51603400707245,3.0994415283203125e-06
20,222.37096166610718,251.21662974357605,3.8057565689086914e-05,379.7782572954893,369.01420497894287,2.9325485229492188e-05,0.2990865707397461,181.53635239601135,4.649162292480469e-06
21,221.7181520462036,245.56008291244507,1.6808509826660156e-05,379.68622133135796,369.19382548332214,2.4557113647460938e-05,0.4421205520629883,181.35990071296692,5.245208740234375e-06
22,221.6014211177826,245.34443545341492,2.816319465637207e-05,379.8697017133236,369.36237478256226,4.45246696472168e-05,0.43443799018859863,181.49535989761353,5.453824996948242e-06
23,221.65690505504608,245.29301834106445,2.3692846298217773e-05,379.87518721073866,369.3578448295593,4.583597183227539e-05,0.42574381828308105,181.49648594856262,5.513429641723633e-06
24,221.94072723388672,244.95733350515366,0.00014767050743103027,380.0387086607516,369.5657744407654,3.3915042877197266e-05,1.8603153228759766,186.39459347724915,8.106231689453125e-06
25,221.7094337940216,244.60553455352783,2.8192996978759766e-05,380.1968411654234,369.41676783561707,3.17990779876709e-05,0.5031554698944092,181.15329349040985,1.4781951904296875e-05
26,221.91833972930908,243.3823999762535,1.5616416931152344e-05,380.2586394250393,369.25753712654114,3.8295984268188477e-05,0.39330148696899414,181.04901123046875,1.3917684555053711e-05
27,0.7742455005645752,188.11396223306656,5.990266799926758e-06,380.1582568436861,369.3634452819824,2.7477741241455078e-05,0.2033216953277588,181.21383440494537,1.6003847122192383e-05
28,1.0913729667663574,188.1500621587038,6.318092346191406e-06,2.5050227642059326,188.82043743133545,2.810359001159668e-05,0.30990123748779297,181.3206387758255,1.919269561767578e-05
29,1.3772318363189697,188.35440078377724,8.285045623779297e-06,2.5412521362304688,188.61795139312744,3.2573938369750977e-05,0.46616506576538086,181.25483214855194,1.9431114196777344e-05
30,1.214296579360962,188.1735828369856,6.079673767089844e-06,380.2432270646095,368.97646260261536,3.3974647521972656e-05,1.748023271560669,186.68397510051727,1.2487173080444336e-05
31,0.7994067668914795,188.03640868142247,4.738569259643555e-06,380.1135020777583,369.2606723308563,4.222989082336426e-05,0.21562910079956055,181.2662832736969,1.1116266250610352e-05
32,0.7708063125610352,187.99320517247543,5.930662155151367e-06,380.1805942505598,369.32806849479675,4.9591064453125e-05,0.2757840156555176,181.34217023849487,1.2248754501342773e-05
33,0.7701506614685059,187.99396171886474,5.930662155151367e-06,380.1816283017397,369.3348870277405,4.953145980834961e-05,0.27518486976623535,181.34317541122437,1.2248754501342773e-05
34,0.7548489570617676,188.01294592302293,6.16908073425293e-06,380.11878883838654,369.49241185188293,0.00010141730308532715,0.22552061080932617,181.37128269672394,1.1712312698364258e-05
35,0.852532148361206,187.97798939980567,5.513429641723633e-06,380.0318961031735,369.4948935508728,8.791685104370117e-05,0.17091727256774902,181.41495156288147,1.341104507446289e-05
36,1.0792958736419678,188.2920061647892,9.775161743164062e-06,380.5387689471245,369.50086212158203,3.1322240829467773e-05,0.2868175506591797,181.27605414390564,1.2129545211791992e-05
37,1.252847671508789,188.66819167137146,7.033348083496094e-06,2.4468281269073486,188.79922115802765,2.7358531951904297e-05,0.2922487258911133,181.26266133785248,1.3530254364013672e-05
38,206.65836572647095,243.36833953857422,8.672475814819336e-06,2.3710570335388184,188.7219790816307,2.568960189819336e-05,0.020886659622192383,181.25692903995514,1.4126300811767578e-05
39,206.7151563167572,243.28596824407578,2.7060508728027344e-05,380.34359684586525,369.269170999527,2.530217170715332e-05,286.6805627346039,379.27207630872726,1.7315149307250977e-05
40,206.8322434425354,243.1598500609398,1.1414289474487305e-05,380.18946677446365,369.16861844062805,4.857778549194336e-05,287.21601366996765,379.223633646965,2.86102294921875e-05
41,207.13510370254517,243.13745266199112,3.0994415283203125e-05,380.1037866547704,369.09624457359314,5.0634145736694336e-05,286.9540193080902,379.76644565165043,3.1322240829467773e-05
42,206.44401288032532,243.58042553067207,7.212162017822266e-06,379.87440548837185,369.11166524887085,5.91278076171875e-05,0.24588346481323242,180.99750357866287,1.5437602996826172e-05
43,206.5024058818817,243.68494853377342,1.2665987014770508e-05,379.91700602322817,369.06994342803955,5.841255187988281e-05,288.18785333633423,381.9479458332062,2.4646520614624023e-05
44,206.61621356010437,243.60660874843597,1.7076730728149414e-05,379.9068138226867,369.14852595329285,6.0170888900756836e-05,288.1996693611145,381.94839119911194,2.2679567337036133e-05
45,206.89350628852844,243.2757152915001,1.1056661605834961e-05,379.9000483453274,369.0233292579651,8.291006088256836e-05,289.6069393157959,386.01134157180786,9.98377799987793e-06
46,207.07673716545105,242.88190817832947,1.3530254364013672e-05,380.2077102959156,369.18661427497864,7.164478302001953e-05,290.34245097637177,386.4013127088547,2.8401613235473633e-05
47,206.8567659854889,243.03808706998825,6.735324859619141e-06,380.3041253387928,369.1210045814514,4.1157007217407227e-05,0.12109661102294922,181.20996272563934,1.1146068572998047e-05
48,307.6888455450535,388.60150092840195,2.625584602355957e-05,379.73179414868355,368.8350212574005,8.237361907958984e-05,300.33158069849014,383.0314919948578,1.96993350982666e-05
49,206.78435230255127,242.96345043182373,8.282065391540527e-05,379.7441239953041,368.93744468688965,0.0001773536205291748,299.2975726723671,386.69607746601105,1.6808509826660156e-05
50,206.93376660346985,242.87281811237335,4.2825937271118164e-05,379.9851251998916,368.83036398887634,8.717179298400879e-05,1.9560661315917969,186.47753477096558,1.1354684829711914e-05
51,206.469402551651,242.97695553302765,3.8743019104003906e-05,380.0597224831581,368.85659766197205,3.555417060852051e-05,1.5606029033660889,186.65309298038483,1.138448715209961e-05
52,206.4256613254547,242.3391239643097,0.00012859702110290527,379.9847194775939,368.9036045074463,4.044175148010254e-05,0.042127370834350586,181.35876286029816,1.2427568435668945e-05
53,206.63504600524902,242.0095386505127,6.970763206481934e-05,379.7363096177578,369.1170027256012,5.0634145736694336e-05,0.256864070892334,181.19492554664612,1.7017126083374023e-05
54,206.6700484752655,242.01151382923126,7.468461990356445e-05,379.7412227988243,369.08759808540344,4.7713518142700195e-05,0.2568323612213135,181.1965208053589,1.6987323760986328e-05
55,207.1289553642273,241.2885890007019,0.0003629922866821289,2.3042293787002563,188.98684924840927,1.564621925354004e-05,-0.05625009536743164,181.3424073457718,1.1354684829711914e-05
56,206.58413982391357,241.63583731651306,0.00016698241233825684,2.54768168926239,188.8191044330597,2.9027462005615234e-05,0.21182656288146973,196.9797168970108,1.767277717590332e-05
57,206.68866753578186,241.4141390323639,0.0002809762954711914,2.489807963371277,188.99335610866547,2.428889274597168e-05,0.11479353904724121,197.11822533607483,1.7076730728149414e-05
58,361.2588834762573,408.14896869659424,0.18716779351234436,347.9746291246265,395.9534372650087,0.00016769766807556152,348.5777597427368,394.1319886445999,8.183717727661133e-05
59,360.6193516254425,392.0535316467285,0.9986487030982971,348.0992672294378,381.05887949466705,0.0007358789443969727,515.5196239054203,406.0688097476959,0.0015898644924163818
60,366.0826823711395,384.41334199905396,0.9995229244232178,493.9882869720459,390.07508659362793,0.9682607650756836,515.9158401414752,397.21012234687805,0.999977707862854
61,369.1913833618164,380.20576667785645,0.9997819662094116,495.5538692474365,380.781936109066,0.9999986886978149,518.9303596019745,389.0996204614639,0.9999998807907104
62,369.13038325309753,373.3980747461319,0.9999967813491821,496.696564912796,370.165042757988,1.0,521.2656486034393,378.2270131111145,0.9999998807907104
63,369.8391103744507,367.9844686985016,0.9999789595603943,498.11400067806244,358.9374969005585,1.0,522.1921787261963,365.4375864267349,0.9999998807907104
64,366.18585538864136,360.40594482421875,0.9999997615814209,499.8862456455827,350.3899462223053,1.0,524.1692097038031,356.00808249693364,1.0
65,366.3241457939148,360.464186668396,0.9999997019767761,499.6715343296528,350.28505277633667,1.0,524.0849279090762,355.92697662115097,1.0
66,370.82651364803314,355.1205048561096,1.0,500.24298299849033,340.0124282836914,1.0,525.2167760133743,345.66262912750244,1.0
67,371.3593330383301,349.43120193481445,1.0,500.7044774889946,332.2704019546509,1.0,525.7257392406464,335.830988407135,1.0
68,371.49595028162,346.1506652832031,1.0,499.8739135861397,324.64751106500626,1.0,526.1017220020294,327.8281970024109,1.0
69,368.5276041030884,341.2043116092682,1.0,498.3096511363983,315.5679726600647,1.0,524.5437805056572,317.1279751062393,1.0
70,372.7292766571045,336.1420331001282,1.0,498.7838569879532,306.48000717163086,1.0,524.8858205676079,306.2712604999542,1.0
71,373.955859541893,327.745539188385,1.0,496.03574657440186,287.62219285964966,1.0,523.0957152843475,287.3672978878021,1.0
72,374.2236154079437,324.20199452340603,1.0,494.2568390369415,280.67113399505615,1.0,521.1071095466614,280.3574843406677,1.0
73,372.89250659942627,320.5035009384155,1.0,490.404687166214,272.8971996307373,1.0,517.991237282753,270.61220932006836,1.0
74,374.33943605422974,317.1279811859131,1.0,486.7108359336853,265.635892868042,1.0,514.5447130203247,264.3406066894531,1.0
75,374.2957396507263,313.88894510269165,1.0,485.85656797885895,258.6776170730591,1.0,512.7882304191589,256.05391931533813,1.0
76,374.6798713207245,313.61409521102905,1.0,485.7526376247406,258.1038990020752,1.0,513.0398116111755,256.1417775154114,1.0
77,375.31023478507996,310.7944037914276,1.0,484.922170817852,251.57804250717163,1.0,511.7765123844147,247.8739151954651,1.0
78,373.8972862958908,307.8709772080183,1.0,483.05480164289474,245.88786113262177,1.0,509.9790840148926,241.65142631530762,1.0
79,373.8235673904419,306.1572833061218,1.0,480.0995969772339,240.00914573669434,1.0,505.95953154563904,234.87420225143433,1.0
80,371.92607382684946,303.0819549560547,1.0,478.46053314208984,233.8630051612854,1.0,503.92985463142395,227.9235798344016,1.0
81,371.59726947546005,301.3770399093628,1.0,474.7281804084778,229.20466339588165,1.0,500.9258150458336,221.36426258087158,1.0
82,371.1428607702255,299.4836378097534,1.0,471.8051242828369,224.27363920211792,1.0,496.51466846466064,215.95743942260742,1.0
83,369.895188331604,294.99935960769653,1.0,465.64917182922363,215.4200620651245,1.0,490.347647190094,205.81306552886963,1.0
84,370.2674927711487,294.01173305511475,1.0,463.3568410873413,211.78324937820435,1.0,487.71727085113525,200.5073537826538,1.0
85,369.6829342842102,293.39470958709717,1.0,461.1079431772232,207.97642946243286,1.0,486.09595108032227,195.631178855896,1.0
86,369.52236700057983,293.38688015937805,1.0,460.98802185058594,208.05062532424927,1.0,486.0272743701935,195.59392404556274,1.0
87,369.903546333313,292.91674864292145,1.0,459.6181021928787,205.66246604919434,1.0,483.67370691895485,192.7353549003601,1.0
88,370.07489824295044,292.95574194192886,1.0,457.8896520137787,204.5845184326172,1.0,481.4453082084656,191.47004389762878,1.0
89,370.16645765304565,293.31721103191376,1.0,457.8484106063843,204.41005039215088,1.0,482.2614710330963,190.84785175323486,1.0
90,371.11368131637573,294.3749101161957,1.0,458.87896490097046,205.0222282409668,1.0,482.70071172714233,191.85056614875793,1.0
91,372.1359329223633,295.64746022224426,1.0,460.8399469256401,207.47826194763184,1.0,485.39341402053833,193.60608386993408,1.0
92,373.33396303653717,298.1308841705322,1.0,464.58890199661255,211.15680980682373,1.0,488.8578577041626,197.74311316013336,1.0
93,372.5289576649666,301.47557961940765,1.0,468.11438846588135,215.21732449531555,1.0,492.46782225370407,203.59925365447998,1.0
94,374.193608045578,303.4067552089691,1.0,472.4077205657959,219.12391471862793,1.0,496.6477689743042,209.00480604171753,1.0
95,375.42650270462036,309.19884490966797,1.0,480.7891993522644,232.769944190979,1.0,506.32334995269775,224.27277755737305,1.0
96,374.23876190185547,313.8587017059326,1.0,482.46965408325195,241.40432500839233,1.0,509.34413373470306,233.7148895263672,1.0
97,374.2845764160156,313.89456701278687,1.0,482.4904063940048,241.4016876220703,1.0,509.3045951128006,233.78320455551147,1.0
98,374.3882656097412,317.14078998565674,1.0,486.3695945739746,248.12012195587158,1.0,513.7998597621918,243.83333587646484,1.0
99,374.01255559921265,319.75140500068665,1.0,487.4165358543396,257.25825595855713,1.0,516.4304617643356,253.98308205604553,1.0
100,373.4238040447235,322.7103567123413,1.0,489.68436193466187,264.66084480285645,1.0,518.5467245578766,264.1207013130188,1.0
101,371.38383388519287,325.55144917964935,1.0,497.41688895225525,276.23968601226807,1.0,524.8596249222755,273.91135454177856,1.0
102,373.18776738643646,329.7496933937073,1.0,500.6068988442421,285.28571701049805,1.0,529.1064229011536,285.1665573120117,1.0
103,369.93053102493286,332.66678911447525,1.0,503.55506587028503,295.30054783821106,1.0,530.3908977508545,295.8019917011261,1.0
104,369.2643253803253,337.5435299873352,1.0,503.8686249256134,305.5581440925598,1.0,534.5937044620514,305.78811025619507,1.0
105,367.9393801689148,340.69308334589005,1.0,505.8118453025818,315.12251138687134,1.0,534.7947645187378,317.01768684387207,1.0
106,368.18901443481445,344.6382908821106,1.0,506.2277898788452,324.7716559767723,1.0,536.5070505142212,328.2336935997009,1.0
107,368.94946098327637,348.0692984983325,1.0,509.17404425144196,333.1838638782501,1.0,536.7260184288025,337.6134445667267,1.0
108,368.6152563095093,352.3385524749756,1.0,510.39397048950195,342.2417709827423,1.0,539.15466183424,347.9006877169013,1.0
109,367.92906188964844,356.0237127020955,1.0,511.06675148010254,350.3465003967285,1.0,538.6040050983429,356.84445321559906,1.0
110,364.82687628269196,359.6604709625244,1.0,510.4167139530182,356.7987259030342,1.0,538.6224436759949,364.6557252407074,1.0
111,363.52947345376015,361.5191898345947,1.0,511.4483494758606,363.950780082494,1.0,539.6084176301956,373.2238166332245,1.0
112,363.88049647957087,362.8726143836975,0.9999998807907104,510.5369601249695,368.461462020874,1.0,540.4107639491558,377.97420024871826,0.9999997615814209
113,364.38412657380104,363.6550488471985,0.9999995827674866,509.9706290960312,373.2842518091202,1.0,539.2112151384354,383.34508752822876,0.9999997615814209
114,366.6085615158081,366.158709526062,0.9999998807907104,511.91819047927856,376.0010919570923,1.0,540.3704284727573,385.17339181900024,0.9999998807907104
115,366.9141116142273,366.2228150367737,0.9999998211860657,510.93375062942505,374.77139949798584,1.0,540.2499233037233,385.05142068862915,0.9999999403953552
116,367.0507516860962,365.7180312871933,0.9999998211860657,511.60981965065,372.85051023960114,1.0,540.0801811739802,381.782018661499,0.9999997615814209
117,366.06428623199463,361.60950994491577,1.0,514.0461488962173,368.31040477752686,1.0,541.5236423015594,376.9876775741577,1.0
118,367.44978046417236,360.2390055656433,1.0,514.3425493240356,362.8032326698303,1.0,541.3825975656509,370.27970600128174,1.0
119,368.1755437850952,356.69620114564896,1.0,515.1956994533539,355.30903577804565,1.0,541.4639269113541,361.9800662994385,1.0
120,369.73084902763367,352.77277851104736,1.0,514.9209741353989,346.84230375289917,1.0,540.6768022179604,351.80395889282227,1.0
121,371.6096793115139,349.6465902328491,1.0,513.4470806121826,337.65518951416016,1.0,541.1097034215927,341.950191617012,1.0
122,372.2053820192814,345.7749767303467,1.0,512.5973887443542,327.78508853912354,1.0,541.6899172067642,329.68418645858765,1.0
123,372.6245880126953,341.30286157131195,1.0,510.3091416358948,316.22682382166386,1.0,539.2301310896873,317.4448218345642,1.0
124,373.9026161432266,338.09604692459106,1.0,509.6295472383499,305.7894058227539,1.0,538.7502068281174,304.4361596107483,1.0
125,369.7094602584839,333.6508193016052,1.0,507.6530623435974,295.0666799545288,1.0,536.3265089988708,294.5990288257599,1.0
126,374.4278132915497,329.62511587142944,1.0,505.6796336174011,285.3916698694229,1.0,534.7169988155365,284.685133934021,1.0
127,374.79047083854675,326.28471755981445,1.0,504.6157364845276,278.4489212036133,1.0,533.1452506780624,274.6064167022705,1.0
128,374.1352951526642,321.65234756469727,1.0,500.4038928449154,267.97315645217896,1.0,529.1449451446533,266.04958391189575,1.0
129,376.56545066833496,317.0157948732376,1.0,497.2475709915161,260.09422266483307,1.0,526.7105031013489,258.04057693481445,1.0
130,376.5482635498047,312.4825129508972,1.0,495.3910892009735,253.33105325698853,1.0,524.905225276947,249.89712238311768,1.0
131,375.2443244457245,308.0207991208881,1.0,494.81714487075806,246.77662754058838,1.0,523.7414214015007,241.42771291732788,1.0
132,377.30435943603516,303.2743456363678,1.0,494.53257513046265,240.14639854431152,1.0,521.684651851654,234.22303915023804,1.0
133,375.54968547821045,298.6590485572815,1.0,491.5788402557373,232.98685312271118,1.0,518.744048833847,226.61624002456665,1.0
134,374.1716184616089,293.9354748725891,1.0,488.20447635650635,226.93014907836914,1.0,515.0746554136276,219.66166305541992,1.0
135,372.68910813331604,290.9671211242676,1.0,483.6456070840359,220.36082649230957,1.0,510.4731020927429,210.99174880981445,1.0
136,371.0598729252815,288.22497272491455,1.0,479.0724720954895,214.83619832992554,1.0,505.63498163223267,205.51176810264587,1.0
137,369.0959506034851,285.9370776414871,1.0,474.4728674888611,209.7105655670166,1.0,501.50940585136414,198.52030873298645,1.0
138,367.5460855960846,283.69804334640503,1.0,470.02821254730225,204.10603141784668,1.0,496.105908870697,192.87772607803345,1.0
139,365.9118913412094,282.13774013519287,1.0,466.37015104293823,201.14600324630737,1.0,493.4409900903702,188.23241996765137,1.0
140,365.17714834213257,281.7547445297241,1.0,463.5652554035187,197.1119441986084,1.0,489.5635738372803,182.58642196655273,1.0
141,365.79047214984894,282.17202281951904,1.0,459.5451192855835,193.77008056640625,1.0,484.0280276108533,177.07025051116943,1.0
142,368.6862938404083,283.8356046676636,1.0,454.87041330337524,189.35615062713623,1.0,478.34971928596497,172.22071933746338,1.0
143,370.7226289510727,285.31586241722107,1.0,450.47418880462646,184.5245943069458,1.0,472.71037006378174,166.18749260902405,1.0
144,370.8123962879181,286.7457320690155,1.0,442.47467613220215,178.29809379577637,1.0,463.76634883880615,161.2716064453125,1.0
145,371.32767271995544,287.9694917201996,1.0,436.3142509460449,172.8231077194214,1.0,457.56052923202515,156.25107860565186,1.0
146,371.2987065911293,288.8079528808594,1.0,429.6706418991089,168.45949172973633,1.0,448.66441011428833,151.69290113449097,1.0
147,371.62214344739914,288.91536235809326,1.0,424.5309543609619,166.37721824645996,1.0,441.0059494972229,146.2840657234192,1.0
148,371.82082898914814,288.6418228149414,1.0,417.818555355072,162.88924503326416,1.0,432.86021423339844,144.46246242523193,1.0
149,371.92969474196434,288.68513584136963,1.0,411.55887946486473,161.4321813583374,1.0,426.26973009109497,141.45720314979553,1.0
150,372.057671751827,288.13317918777466,1.0,407.51784801483154,160.5274052619934,1.0,419.1312807202339,138.73862504959106,1.0
151,372.182295486331,287.9677309989929,1.0,399.5942425727844,158.24406719207764,1.0,412.2207717895508,137.03830099105835,1.0
152,372.1682302504778,288.1168575286865,1.0,395.4031620621681,158.08713674545288,1.0,404.90130150318146,136.10949230194092,1.0
153,372.31254705786705,287.968505859375,1.0,392.06199169158936,156.64113169908524,1.0,399.2551689147949,132.36314296722412,1.0
154,372.55020397901535,288.1246089935303,1.0,386.88132536411285,155.9224534034729,1.0,393.24164152145386,132.52342319488525,1.0
155,372.46951282024384,287.63678455352783,1.0,382.9899785518646,156.21489787101746,1.0,389.8656700849533,132.2645664215088,1.0
156,372.221443682909,287.7010419368744,1.0,382.43070888519287,156.04923157393932,1.0,388.6970303058624,131.20455360412598,1.0
157,371.9727991707623,287.4018747806549,1.0,382.6844744682312,156.48167565464973,1.0,389.3584533929825,131.55846977233887,1.0
158,372.11204224824905,287.76980686187744,1.0,383.27128887176514,155.76980124413967,1.0,391.141161441803,131.99526643753052,1.0
159,372.0658920779824,288.49666118621826,1.0,388.31852969527245,156.20996952056885,1.0,394.8375664949417,131.90621423721313,1.0
160,372.50605368614197,289.32853269577026,1.0,393.2912755012512,157.6806252002716,1.0,400.4782409667969,133.33992385864258,1.0
161,372.87603467702866,290.72871589660645,1.0,397.45622313022614,159.2699158191681,1.0,406.79717993736267,135.8403046131134,1.0
162,373.55607891082764,293.0150340795517,1.0,404.1040391996503,160.1913595199585,1.0,414.3652174472809,138.0796627998352,1.0
163,373.682293176651,296.98693895339966,1.0,411.13205575942993,166.6841640472412,1.0,422.8191032409668,142.3328619003296,1.0
164,374.35614585876465,299.86096143722534,1.0,416.23764181137085,168.97647905349731,1.0,430.61388874053955,145.71420001983643,1.0
165,375.31551361083984,302.0704436302185,1.0,424.3752188682556,173.3286075592041,1.0,440.5929431915283,148.65249347686768,1.0
166,375.7469177246094,304.95133924484253,1.0,431.4771692752838,177.79594087600708,1.0,449.08315229415894,156.6736707687378,1.0
167,376.3886127471924,307.1189923286438,1.0,437.58148896694183,184.65152549743652,1.0,458.6397213935852,162.7549533843994,1.0
168,377.1597189903259,308.6263310313225,1.0,446.8959836959839,190.2650146484375,1.0,467.2001633644104,169.52038192749023,1.0
169,378.1062002182007,309.6308785676956,1.0,454.42017936706543,197.61751079559326,1.0,476.77002906799316,176.494158744812,1.0
170,378.16595125198364,310.602721452713,1.0,459.37054681777954,202.80595064163208,1.0,485.7494066953659,181.870361328125,1.0
171,377.57338428497314,310.7103593349457,1.0,466.025648355484,206.49847221374512,1.0,492.8303126692772,189.05459308624268,1.0
172,377.0627512931824,310.68187499046326,1.0,471.7576153278351,211.8337378501892,1.0,497.6406407356262,193.85938549041748,1.0
173,376.37293815612793,310.7691328525543,1.0,476.46521362662315,214.708345413208,1.0,504.06286573410034,199.37640738487244,1.0
174,376.3256664276123,310.8744885921478,1.0,479.91016483306885,218.92804527282715,1.0,508.80335783958435,204.56810569763184,1.0
175,375.9150094985962,310.3941538333893,1.0,482.7802836894989,221.5886468887329,1.0,511.8957324028015,208.41107034683228,1.0
176,375.8554108142853,310.42399072647095,1.0,486.4604241847992,225.85609245300293,1.0,516.6127840876579,212.61168384552002,1.0
177,375.20136165618896,310.71239614486694,1.0,489.19714975357056,229.1844367980957,1.0,519.3230199813843,217.63294458389282,1.0
178,375.8297038078308,310.8613488674164,1.0,492.549711227417,231.05682039260864,1.0,521.9884839057922,222.2064723968506,1.0
179,375.78158164024353,311.47048234939575,1.0,494.58143401145935,234.4049530029297,1.0,524.7274522185326,225.3019642829895,1.0
180,371.52811574935913,313.0226640701294,1.0,496.57387685775757,238.2562472820282,1.0,527.1698503494263,228.9215641617775,1.0
181,372.6642901301384,314.26583766937256,1.0,498.16567409038544,242.4739317893982,1.0,529.1939358711243,234.5670952796936,1.0
182,373.46148014068604,313.95702838897705,1.0,498.5981900691986,245.82996368408203,1.0,530.9705621004105,238.28862285614014,1.0
183,373.47256910800934,314.70083808898926,1.0,499.2510757446289,248.38277292251587,1.0,533.2968287467957,242.15123748779297,1.0
184,373.64731752872467,314.9859118461609,1.0,500.6214171051979,251.9983606338501,1.0,534.5491645336151,247.1721658706665,1.0
185,372.41430431604385,315.53455352783203,1.0,500.7740949988365,255.6846182346344,1.0,535.0803608894348,251.83027601242065,1.0
186,372.2084233611822,315.79242038726807,1.0,502.61291313171387,258.86521673202515,1.0,536.0195126533508,254.81818151474,1.0
187,371.9093749895692,316.59418392181396,1.0,504.7097005844116,261.2315710783005,1.0,537.1377029418945,258.1319251060486,1.0
188,371.22175282239914,316.99122619628906,1.0,505.8329815864563,263.24324893951416,1.0,538.4064331054688,260.7936263680458,1.0
189,371.0445441007614,317.00957012176514,1.0,506.9675807952881,265.08952951431274,1.0,540.1649064868689,262.607008934021,1.0
190,371.4495407938957,317.4305248260498,1.0,508.08393445611,266.9840407371521,1.0,540.592617213726,264.8910303115845,1.0
191,371.0576938390732,317.79703426361084,1.0,508.2932646870613,267.2165355682373,1.0,540.6162872314453,265.08081245422363,1.0
192,372.2807020545006,317.49902057647705,1.0,508.3338845670223,265.0692615509033,1.0,540.769250869751,263.03463792800903,1.0
193,372.65526163578033,317.3075075149536,1.0,507.39369678497314,262.619756937027,1.0,538.9560770988464,260.25693279504776,1.0
194,373.24869191646576,316.87148666381836,1.0,505.39073514938354,260.3879923224449,1.0,536.1450810432434,256.692524433136,1.0
195,374.1406126022339,316.2030553817749,1.0,501.1323184967041,257.1572165489197,1.0,533.6436146497726,252.96076488494873,1.0
196,374.82139801979065,314.63522148132324,1.0,500.4585864841938,250.05028676986694,1.0,531.225615978241,245.44732463359833,1.0
197,375.47885847091675,313.1958680152893,1.0,499.39607375860214,244.81447315216064,1.0,528.4593706130981,238.40312242507935,1.0
198,375.0365467071533,311.71903824806213,1.0,497.3607864379883,238.044207572937,1.0,526.4700243473053,228.94887709617615,1.0
199,375.6784498691559,309.9046629667282,1.0,493.7698736190796,230.30522751808167,1.0,522.0034999847412,221.42508566379547,1.0
200,374.6001727581024,307.85825538635254,1.0,488.98245906829834,224.46946144104004,1.0,517.4769864082336,211.68662405014038,1.0
201,375.1231939792633,306.5899806022644,1.0,482.579957485199,218.22910404205322,1.0,510.43648171424866,204.8018035888672,1.0
202,374.60246872901917,306.10175228118896,1.0,477.3280351161957,212.33690643310547,1.0,503.8948211669922,196.01320143416524,1.0
203,375.13290143013,305.0767822265625,1.0,470.6362760066986,206.05639457702637,1.0,497.781455039978,189.6783332824707,1.0
204,374.78482127189636,304.94952630996704,1.0,465.28169345855713,201.85464000701904,1.0,491.4752564430237,182.42798566818237,1.0
205,374.44884300231934,304.8281054496765,1.0,458.7507076263428,197.48566436767578,1.0,482.4687919616699,176.29036474227905,1.0
206,374.71255445480347,305.1290292739868,1.0,452.82881808280945,191.42337322235107,1.0,476.7891883254051,171.1263289451599,1.0
207,374.8625771999359,305.0399317741394,1.0,446.3937044143677,186.06301498413086,1.0,468.39295759797096,165.2143793106079,1.0
208,375.0117769241333,304.6461224555969,1.0,440.30794191360474,182.20087432861328,1.0,460.70570009946823,162.03122091293335,1.0
209,375.11295318603516,304.4323878288269,1.0,433.5630702972412,176.43467664718628,1.0,454.2084496021271,157.98309898376465,1.0
210,375.07522988319397,303.8872330188751,1.0,427.582047522068,174.81663608551025,1.0,445.03617787361145,153.62216424942017,1.0
211,374.7990913391113,303.1531038284302,1.0,421.48038041591644,170.97673416137695,1.0,437.8588767051697,148.28352165222168,1.0
212,374.8397991657257,302.279767036438,1.0,416.0138568878174,169.14132165908813,1.0,430.5195574760437,146.8737816810608,1.0
213,374.2306156158447,300.9989330768585,1.0,412.347599029541,168.89199781417847,1.0,423.37085914611816,144.33388090133667,1.0
214,374.34510493278503,300.6899824142456,1.0,406.6999089717865,165.80373001098633,1.0,417.42386627197266,141.5539255142212,1.0
215,374.21348452568054,300.8341407775879,1.0,406.61680817604065,165.85815715789795,1.0,417.49789023399353,141.66960906982422,1.0
216,373.5051772594452,298.7438087463379,1.0,396.47097197175026,163.40351849794388,1.0,404.7521550655365,138.35487985610962,1.0
217,373.4124380350113,296.7282476425171,1.0,392.9709463119507,160.658682346344,1.0,399.4300608634949,136.42510223388672,1.0
218,373.888928771019,293.2969447374344,1.0,389.1547726392746,157.2838373184204,1.0,394.9904203414917,134.68263506889343,1.0
219,373.36673963069916,290.4701819419861,1.0,384.4283585548401,156.55138504505157,1.0,390.8420057296753,132.12094402313232,1.0
220,372.117416664958,289.3578510284424,1.0,382.6977548599243,153.1127896308899,1.0,388.58891224861145,129.56343507766724,1.0
221,371.17194294929504,287.0730473995209,1.0,381.4919373989105,151.00460839271545,1.0,385.6847529411316,127.99738597869873,1.0
222,371.1854053735733,285.18818497657776,1.0,380.1270580291748,149.79463243484497,1.0,386.2552126646042,125.32025718688965,1.0
223,371.4877629876137,284.1782064437866,1.0,379.5329599380493,148.34708362817764,1.0,384.91319513320923,124.31819534301758,1.0
224,371.415418446064,283.11884689331055,1.0,379.08241176605225,147.73353624343872,1.0,383.53293800354004,123.35436058044434,1.0
225,371.2199409008026,283.0161933898926,1.0,378.9851121902466,146.939044713974,1.0,383.0871968269348,122.82705926895142,1.0
226,371.2757976055145,282.9824299812317,1.0,379.04271602630615,147.2145847082138,1.0,383.12573647499084,122.89921283721924,1.0
227,372.1865611076355,284.6203079223633,1.0,378.8620939254761,148.04718440398574,1.0,384.01239943504333,123.99593496322632,1.0
228,371.49951070547104,286.5924541950226,1.0,379.1804132461548,149.61021959781647,1.0,383.48354840278625,126.04150629043579,1.0
229,371.5787231326103,289.0741114616394,1.0,380.92924749851227,151.12408566474915,1.0,385.6192960739136,128.26477003097534,1.0
230,372.20499420166016,291.5260045826435,1.0,382.84400033950806,154.0322403907776,1.0,389.1896643638611,130.18637609481812,1.0
231,372.7209386229515,297.2980785369873,1.0,383.23977994918823,158.64246702194214,1.0,391.0683345794678,133.4642629623413,1.0
232,373.84421646595,299.8802488595247,1.0,387.96953374147415,160.8459939956665,1.0,394.18635988235474,137.0063853263855,1.0
233,374.4271113872528,304.42999601364136,1.0,390.6637237071991,165.38021278381348,1.0,397.21657133102417,139.83345079421997,1.0
234,376.81901264190674,307.73177394270897,1.0,394.2364616394043,169.5311942100525,1.0,400.32260608673096,143.95801401138306,1.0
235,377.3062090873718,313.05090951919556,1.0,396.2806554734707,173.44062185287476,1.0,404.2965223789215,147.5058388710022,1.0
236,376.6956696510315,315.925057515502,1.0,398.69642663002014,177.53024578094482,1.0,408.6973853111267,152.14246082305908,1.0
237,376.64243745803833,316.04321651905775,1.0,398.6419985294342,177.4994616508484,1.0,408.77734422683716,152.27516078948975,1.0
238,377.8964467048645,321.65077209472656,1.0,403.08022552728653,180.8700351715088,1.0,412.0403579957783,155.23974561691284,1.0
239,378.77496099472046,325.14812529087067,1.0,405.94680762290955,184.3533115386963,1.0,416.5298488140106,158.50512886047363,1.0
240,380.5684865117073,333.8456349372864,1.0,409.5722613334656,192.8722915649414,1.0,421.6091946363449,165.8076753616333,1.0
241,379.60715198516846,339.4225875735283,1.0,411.6592478752136,196.8984661102295,1.0,424.485568523407,171.5173578262329,1.0
242,377.7685515880585,344.0178632736206,1.0,412.10615730285645,198.81903266906738,1.0,426.3304080963135,176.10278749465942,1.0
243,376.69865560531616,349.33220982551575,1.0,413.1277905702591,203.91843128204346,1.0,428.41244345903397,180.08198928833008,1.0
244,377.5571413040161,354.2412761449814,1.0,413.9898625612259,209.78137493133545,1.0,429.30036675930023,185.5077919960022,1.0
245,378.28102362155914,359.40093517303467,1.0,414.60066771507263,216.2989068031311,1.0,430.9278998374939,191.43255352973938,1.0
246,376.15987730026245,362.1333929300308,0.999998927116394,414.52339482307434,223.42694187164307,1.0,432.19247698783875,195.99570560455322,1.0
247,375.9982385635376,362.2832623720169,0.9999992847442627,414.7702271938324,223.6274859905243,1.0,432.29741072654724,196.02334022521973,1.0
248,372.5704578757286,367.19884848594666,0.9994387626647949,415.85238337516785,229.34783053398132,1.0,432.6232485771179,204.08105659484863,1.0
249,374.1154487133026,374.2252287864685,0.9248053431510925,415.44538736343384,237.0953174829483,1.0,435.59566393494606,210.13926553726196,1.0
250,367.7728796005249,382.3924973011017,0.14190998673439026,417.33854627609253,244.17913998663425,1.0,438.62190437316895,220.20151805877686,1.0
251,460.9322546720505,243.2574514746666,0.01751863956451416,422.2988154888153,249.24781322479248,1.0,444.78820276260376,223.13765907287598,1.0
252,462.96950221061707,257.52830481529236,0.04949864745140076,428.31381580233574,258.2631514072418,1.0,452.2937380671501,237.4421362876892,1.0
253,391.7479405403137,356.2330198287964,0.01212194561958313,435.11841040849686,262.1968266963959,1.0,457.57441091537476,242.40419852733612,1.0
254,485.4691432714462,261.4041790962219,0.060705870389938354,439.3019926548004,265.1633734703064,0.9999998807907104,462.9092276096344,245.75495266914368,1.0
255,371.491662979126,379.178382396698,0.026135414838790894,442.53805804252625,268.2614649236202,0.9999991655349731,470.9998049736023,250.25805759429932,1.0
256,371.8722038269043,378.31519508361816,0.03816366195678711,449.40490984916687,270.8177909851074,0.9999998211860657,474.39856243133545,252.75968968868256,1.0
257,405.8278775215149,351.9931833744049,0.06346902251243591,451.98966115526855,272.37682819366455,1.0,478.74787068367004,253.99443113803864,1.0
258,500.1201169937849,272.48400616645813,0.06201186776161194,451.6764802932739,272.55671215057373,1.0,478.56509494781494,254.0148482322693,1.0
259,371.75490951538086,376.9182505607605,0.46270886063575745,454.74036693573,272.9567217826843,1.0,483.00455713272095,254.523193359375,1.0
260,372.5286979675293,376.40378427505493,0.6905726194381714,456.7864851951599,273.6668119430542,0.9999999403953552,485.4230101108551,254.67510557174683,1.0
261,374.6866407394409,375.0282702445984,0.7486364841461182,457.67496705055237,272.0423276424408,0.9999999403953552,486.07960319519043,253.60589599609375,1.0
262,374.62426829338074,373.41350615024567,0.9815407991409302,456.6857705116272,269.22939789295197,1.0,486.43290734291077,250.43883895874023,1.0
263,372.9844294786453,369.5148162841797,0.9966793060302734,456.24572563171387,264.3059287071228,1.0,486.16625213623047,246.78990697860718,1.0
264,381.59112763404846,361.5347423553467,0.9999850988388062,456.26102590560913,254.81376695632935,1.0,486.36194491386414,234.1222267150879,1.0
265,378.28230035305023,359.64524579048157,0.9999997615814209,457.1340003013611,247.96478724479675,1.0,486.11515498161316,226.06249237060547,1.0
266,377.72957611083984,354.6951073408127,1.0,456.900267124176,241.33700561523438,1.0,484.718449652195,221.63243687152863,1.0
267,376.51240968704224,348.1240561082959,1.0,456.5047540664673,234.6193447113037,1.0,482.8985981941223,214.15774059295654,1.0
268,377.84958362579346,343.55095863342285,1.0,456.5442237854004,228.17074394226074,1.0,484.6112200021744,206.31725215911865,1.0
269,377.74017810821533,343.53751254081726,1.0,456.7254147529602,228.04697036743164,1.0,484.615943133831,206.19326496124268,1.0
270,381.4305739402771,335.91840839385986,1.0,455.58739495277405,220.05436515808105,1.0,482.7137842178345,200.76652002334595,1.0
271,379.5291890203953,329.42635917663574,1.0,456.09546995162964,214.35027408599854,1.0,480.9588551521301,193.5358748435974,1.0
272,379.6781859397888,325.0019813776016,1.0,453.7001448869705,209.56162214279175,1.0,479.5590853691101,188.96006202697754,1.0
273,375.7990267276764,320.2552418708801,1.0,451.7034139931202,203.5740737915039,1.0,477.5567045211792,183.49725699424744,1.0
274,376.26179361343384,315.9658508300781,1.0,452.3361929357052,199.41749382019043,1.0,478.5061421394348,177.88763046264648,1.0
275,375.4566807746887,310.5031883716583,1.0,450.2408962249756,194.02399969100952,1.0,477.73036789894104,173.27567100524902,1.0
276,371.8189931511879,301.1478605270386,1.0,449.2837200164795,186.2864966392517,1.0,476.1262731552124,166.57448625564575,1.0
277,371.0659418106079,295.59585309028625,1.0,449.1465768814087,183.0400266647339,1.0,477.26924097537994,162.02373027801514,1.0
278,368.6422052383423,293.1346969604492,1.0,448.85849237442017,179.22834014892578,1.0,476.8632502555847,160.02754592895508,1.0
279,368.74223041534424,293.020369887352,1.0,449.82538294792175,179.22689533233643,1.0,476.89916974306107,160.02168655395508,1.0
280,367.39727115631104,291.32093620300293,1.0,448.8067660331726,176.80252504348755,1.0,477.4347884654999,158.63809490203857,1.0
281,365.2247664928436,289.80716848373413,1.0,448.53314304351807,175.6921842098236,1.0,477.2244803905487,157.89176750183105,1.0
282,364.41307350993156,287.7224566936493,1.0,448.83628034591675,175.18984174728394,1.0,477.4910708665848,157.3738832473755,1.0
283,363.96881449222565,285.8408832550049,1.0,450.2475026845932,173.69129276275635,1.0,478.0084059238434,157.22662353515625,1.0
284,363.70255836844444,285.204647064209,1.0,450.8816257715225,173.56158447265625,1.0,478.46726417541504,157.31798267364502,1.0
285,363.57780227065086,284.9312524795532,1.0,451.3471983075142,173.88214588165283,1.0,479.28942346572876,157.69647407531738,1.0
286,363.44617307186127,284.78991001844406,1.0,451.5173500776291,174.5189666748047,1.0,480.20382714271545,157.81330680847168,1.0
287,363.48477017879486,284.8182682991028,1.0,452.1166222393513,175.61623239517212,1.0,478.82830786705017,159.41444087028503,1.0
288,363.4366215467453,286.2224555015564,1.0,452.13007485866547,175.93183994293213,1.0,478.7930769920349,159.77919483184814,1.0
289,363.8330784738064,286.38348865509033,1.0,452.51798605918884,176.22342824935913,1.0,478.7215178012848,159.99885749816895,1.0
290,363.7031462788582,286.2874720096588,1.0,452.52384799718857,175.89508652687073,1.0,478.68654131889343,159.97061920166016,1.0
291,364.27108931541443,286.64220333099365,1.0,452.7136820554733,175.77264046669006,1.0,479.0184907913208,159.86828517913818,1.0
292,364.4558676481247,286.820041179657,1.0,452.5237007141113,176.08793830871582,1.0,478.99474358558655,159.91090297698975,1.0
293,364.45460626482964,286.9631133079529,1.0,452.6792930960655,176.07850170135498,1.0,479.32938861846924,159.79763340950012,1.0
294,364.44706803560257,287.24132084846497,1.0,452.7120040655136,176.28431844711304,1.0,479.1539816856384,159.88001370429993,1.0
295,364.3066025674343,287.44703006744385,1.0,452.79420149326324,176.0683946609497,1.0,479.45456767082214,159.81928944587708,1.0
296,364.7259427309036,287.29376888275146,1.0,453.15009319782257,176.3414216041565,1.0,479.94850397109985,160.181077003479,1.0
297,364.97851610183716,287.5916278362274,1.0,453.1815550327301,177.12138080596924,1.0,480.30291271209717,160.7540421485901,1.0
298,365.6203454732895,287.76970195770264,1.0,453.63588094711304,177.37151670455933,1.0,480.3210701942444,160.93300342559814,1.0
299,366.2936964035034,287.9625437259674,1.0,454.3264093399048,177.743754863739,1.0,481.0673928260803,161.2939281463623,1.0
300,367.5297603607178,288.9375557899475,1.0,455.66798281669617,178.76876831054688,1.0,482.6055920124054,162.4082384109497,1.0
