scorer,DeepCut_resnet50_dlc_webcam_analysisAug5shuffle1_150000,DeepCut_resnet50_dlc_webcam_analysisAug5shuffle1_150000,DeepCut_resnet50_dlc_webcam_analysisAug5shuffle1_150000,DeepCut_resnet50_dlc_webcam_analysisAug5shuffle1_150000,DeepCut_resnet50_dlc_webcam_analysisAug5shuffle1_150000,DeepCut_resnet50_dlc_webcam_analysisAug5shuffle1_150000,DeepCut_resnet50_dlc_webcam_analysisAug5shuffle1_150000,DeepCut_resnet50_dlc_webcam_analysisAug5shuffle1_150000,DeepCut_resnet50_dlc_webcam_analysisAug5shuffle1_150000
bodyparts,elbow,elbow,elbow,wrist,wrist,wrist,hand,hand,hand
coords,x,y,likelihood,x,y,likelihood,x,y,likelihood
0,279.6359257698059,385.70908975601196,0.00018385052680969238,138.91388261318207,350.284362077713,2.294778823852539e-06,139.65130478143692,347.75469444692135,0.00017961859703063965
1,330.04591393470764,396.90481001138687,0.00023597478866577148,321.2636513710022,374.22058963775635,1.8775463104248047e-06,138.32813787460327,348.3000435233116,4.4405460357666016e-06
2,279.3557152748108,388.1953945159912,0.0004355013370513916,251.62260097265244,406.1070508956909,1.7285346984863281e-06,138.77113616466522,348.15888994932175,1.761317253112793e-05
3,280.4426908493042,387.6833600997925,0.0003655552864074707,-2.0131187438964844,2.3514726161956787,1.4901161193847656e-06,134.98720145225525,353.38990354537964,2.8431415557861328e-05
4,157.77390849590302,394.86693155765533,0.0004811882972717285,152.53438901901245,378.8365193605423,4.26173210144043e-06,134.40314984321594,352.5522677898407,0.00013321638107299805
5,158.63871836662292,393.796270608902,0.0014704763889312744,151.2647795677185,379.81034114956856,2.8252601623535156e-05,132.4022780060768,354.9788143634796,0.009409576654434204
6,335.18397212028503,380.6767503619194,0.0007095932960510254,150.8568925857544,377.7080090045929,3.713369369506836e-05,131.7035387456417,352.23913764953613,0.7390575408935547
7,335.4249768257141,380.5358170866966,0.004418373107910156,147.75216506421566,366.5224733352661,0.004934728145599365,131.64535063505173,351.57176876068115,0.9964712858200073
8,333.54138565063477,381.0178209543228,0.004235893487930298,140.53196787834167,350.5677537918091,0.5379126071929932,129.8699848651886,342.73946714401245,0.9987830519676208
9,162.82895469665527,377.87029814720154,0.0029996633529663086,126.17719054222107,348.7688106894493,0.01337975263595581,122.1823296546936,342.1721007823944,0.9320921897888184
10,335.0208258628845,381.70740020275116,0.0031183063983917236,125.31294095516205,352.710391998291,8.374452590942383e-06,121.24316143989563,347.33936989307404,5.415081977844238e-05
11,342.84712433815,378.64511263370514,0.13939595222473145,168.15810561180115,368.40685749053955,0.0011365711688995361,150.6975016593933,368.68380069732666,0.10910499095916748
12,344.04581594467163,380.41237553954124,0.9090116620063782,172.13340757787228,366.04551672935486,0.6503852605819702,151.64278411865234,368.3092157840729,0.9908685684204102
13,344.91305589675903,381.8534172773361,0.993906557559967,174.1261293888092,368.8515019416809,0.448624849319458,150.93894982337952,370.7671604156494,0.9999878406524658
14,350.413587808609,387.15963220596313,0.8190501928329468,174.3691005706787,373.2946790456772,0.1695438027381897,149.83503103256226,372.37678503990173,0.9999568462371826
15,351.8460319042206,388.99053061008453,0.8002711534500122,179.3365375995636,374.2087495326996,0.05978238582611084,150.4728183746338,377.1353464126587,0.9997134804725647
16,351.43439245224,392.2393798828125,0.9590340852737427,181.58437132835388,377.76788687705994,0.5966095328330994,151.11883354187012,378.5358008146286,0.9999945163726807
17,350.71221899986267,397.2446073293686,0.5267718434333801,182.15428471565247,379.4158812761307,0.6613972187042236,152.20871829986572,379.79926301538944,0.9999939203262329
18,350.98928666114807,401.55571818351746,0.9069970846176147,182.2642002105713,379.7263502776623,0.6333844661712646,153.04135823249817,379.8019387573004,0.9999688863754272
19,351.1825876235962,402.9242720603943,0.6820932626724243,181.38897514343262,380.6215969324112,0.05424875020980835,151.83892512321472,379.99847803567536,0.999983549118042
20,350.79981422424316,402.801375746727,0.8039402365684509,181.90100872516632,378.54849433898926,0.6677886247634888,151.9407558441162,379.2716742157936,0.9999973177909851
21,351.46634697914124,402.6913949251175,0.5870801210403442,182.3653643131256,377.5902855396271,0.6445774435997009,151.80899786949158,378.1528333425522,0.9999926090240479
22,346.21310901641846,398.7212243080139,0.4532638192176819,181.0180994272232,375.1348023414612,0.4638722538948059,151.35095119476318,377.8895707130432,0.9999622106552124
23,346.6966862678528,398.738272190094,0.7644269466400146,180.8218046426773,374.62063908576965,0.5128673911094666,152.94241976737976,376.4030957221985,0.9999631643295288
24,349.4744951725006,401.3002095222473,0.5215045809745789,180.05559093132615,373.63442718982697,0.11946827173233032,152.73746609687805,375.20233821868896,0.999996542930603
25,349.6472156047821,400.68507528305054,0.07490858435630798,179.5336685180664,373.75077962875366,0.019268184900283813,152.43119430541992,375.3829507827759,0.9999828338623047
26,351.16034722328186,399.1397886276245,0.09597384929656982,179.48200643062592,373.3348684310913,0.131869375705719,152.77728843688965,374.47147130966187,0.9999815821647644
27,350.1122953891754,399.62023186683655,0.0362163782119751,172.68428820371628,374.60707116127014,0.04909968376159668,152.36425971984863,373.5152152776718,0.9999892711639404
28,351.75082993507385,398.25473141670227,0.02579757571220398,172.12952572107315,374.10865235328674,0.0035438835620880127,152.64465951919556,371.7792626172304,0.9999731779098511
29,352.09653520584106,397.42188704013824,0.009335696697235107,172.31106206774712,369.3761100769043,0.003145277500152588,153.53876662254333,370.5072683095932,0.9995670318603516
30,351.39610385894775,397.04481959342957,0.03552958369255066,172.60187548398972,368.81181049346924,0.0019415616989135742,155.02925997972488,370.57889354228973,0.9997773170471191
31,352.4841527938843,397.08142244815826,0.0069939494132995605,172.28534504771233,368.7452802658081,0.0024343132972717285,154.81468641757965,369.8425576686859,0.9999566674232483
32,352.2503852844238,387.96629333496094,0.0017130374908447266,172.6876027584076,369.0448760986328,0.0017358660697937012,154.7157942056656,370.7442729473114,0.9999120235443115
33,352.7589912414551,387.76963567733765,0.0007361471652984619,172.13158003985882,369.04837703704834,0.0003440380096435547,154.66801047325134,371.37037307024,0.9865907430648804
34,352.6220393180847,387.74485635757446,0.0007089674472808838,172.02758341096342,369.14458656311035,0.0003680586814880371,154.65954661369324,371.3956369161606,0.9903860092163086
35,353.8050117492676,396.4067734479904,0.003174901008605957,172.90207970142365,369.17468309402466,0.0003673434257507324,155.07820689678192,371.77478466928005,0.9959816336631775
36,7.469604969024658,263.3950114250183,0.003960281610488892,2.5006020069122314,253.31344711780548,0.00022909045219421387,156.04094314202666,372.6533867716789,0.5608761310577393
37,354.5432839393616,396.72435760498047,0.015371829271316528,2.8175058364868164,253.58319211006165,0.0005083680152893066,157.43708181381226,372.5379077196121,0.6356618404388428
38,6.704679489135742,263.74339723587036,0.002525925636291504,2.571014404296875,254.08489632606506,0.00041553378105163574,157.38459825515747,371.82483403384686,0.4777587652206421
39,15.488146305084229,263.41530323028564,0.004256904125213623,3.0466156601905823,253.77033174037933,0.0017186403274536133,157.78468561172485,371.6870010495186,0.4665513336658478
40,16.16013193130493,263.6037769317627,0.006576627492904663,3.661395788192749,253.61958718299866,0.0055727362632751465,158.5953664779663,371.3697530031204,0.9156559705734253
41,15.499645709991455,263.2987160682678,0.006637275218963623,3.739038825035095,254.20027875900269,0.007069706916809082,158.75361919403076,370.4874826669693,0.9893777370452881
42,16.006123065948486,263.6539969444275,0.0015515685081481934,3.8451028019189835,253.55728220939636,0.01824626326560974,159.891752243042,369.4071033000946,0.7227111458778381
43,6.616834878921509,262.89870977401733,0.0011831820011138916,3.6939333975315094,253.5902019739151,0.0034062564373016357,160.9640097618103,369.35369348526,0.9421249628067017
44,6.903083801269531,263.31092596054077,0.00041031837463378906,3.0886805057525635,254.2393352985382,0.0004951953887939453,161.51911854743958,369.2546532154083,0.9612926244735718
45,6.860954523086548,263.36994886398315,0.00038310885429382324,3.109426498413086,254.22017455101013,0.0005359053611755371,161.49685978889465,369.24696922302246,0.9470349550247192
46,173.19159960746765,365.85938572883606,0.0006538629531860352,170.5304535627365,368.50793504714966,0.0002849996089935303,162.75240206718445,368.99087595939636,0.969216525554657
47,173.28960359096527,365.6213403940201,0.00044924020767211914,3.6299289762973785,253.79256629943848,0.001640409231185913,162.10443758964539,368.8033604621887,0.7747671604156494
48,6.203329086303711,255.18897914886475,0.0013497769832611084,4.094820946455002,254.9377796649933,0.021410882472991943,162.85791873931885,370.1063346862793,0.9994999170303345
49,6.245854616165161,255.32608151435852,0.001996159553527832,4.088918201625347,255.03778076171875,0.06650903820991516,163.02559965848923,370.1905633211136,0.9994608759880066
50,174.57115840911865,379.36275827884674,0.0017726421356201172,3.6200332641601562,254.60036420822144,0.021824747323989868,162.62539875507355,370.64280366897583,0.9996808767318726
51,16.495915412902832,263.3650631904602,0.0016126632690429688,3.7916126549243927,254.7182159423828,0.08517992496490479,161.90794920921326,371.3096041083336,0.9975576400756836
52,5.982356667518616,255.4740641117096,0.002052217721939087,5.148289442062378,257.234388589859,0.03725242614746094,160.95384764671326,371.4253876209259,0.9941973686218262
53,22.267341375350952,258.0533367395401,0.014738321304321289,5.300919532775879,256.8524441719055,0.16153669357299805,161.42275834083557,372.3282288014889,0.8451266288757324
54,22.202310800552368,257.36579489707947,0.027044475078582764,3.99367432622239,253.87694323062897,0.3155207633972168,162.96871054172516,373.6275918483734,0.999070405960083
55,22.07076358795166,256.58156180381775,0.06633865833282471,4.93582957983017,257.346239566803,0.4951867163181305,163.75557516515255,374.1619436740875,0.9997470378875732
56,22.045133590698242,256.5059051513672,0.06122863292694092,4.999818921089172,257.3511252403259,0.5176314115524292,163.82483838498592,374.23876571655273,0.9997900128364563
57,21.75201117992401,255.76395225524902,0.0101393461227417,4.591205656528473,257.3589632511139,0.5944193601608276,163.5106394290924,374.6705915927887,0.9999130964279175
58,352.45976400375366,398.2209975719452,0.012850314378738403,3.8140513002872467,252.75027686357498,0.10978513956069946,163.66073352098465,375.8755543231964,0.9986201524734497
59,351.44476199150085,398.7945544719696,0.004940330982208252,3.8500580191612244,252.5770171880722,0.07664349675178528,162.0062826871872,376.57380509376526,0.7367632985115051
60,175.6942331790924,381.4328455924988,0.0023911595344543457,3.7663593739271164,252.31067031621933,0.025182068347930908,163.89670349657536,378.88912856578827,0.9997330904006958
61,176.5576581954956,382.2486321926117,0.004692792892456055,3.8825618401169777,252.72930073738098,0.04460710287094116,163.91940563172102,378.63257598876953,0.9728127717971802
62,173.7025022506714,393.00754380226135,0.004922389984130859,3.840146452188492,252.99006348848343,0.09023657441139221,163.98277431167662,378.0341725349426,0.9855399131774902
63,397.46898198127747,401.1034083366394,0.029781222343444824,3.5467787086963654,252.8720964193344,0.06462869048118591,163.99358217790723,378.8426332473755,0.9409285187721252
64,174.29697918891907,393.5688307285309,0.03104102611541748,3.5098868906497955,252.8807487487793,0.0377771258354187,164.48586615920067,379.15077209472656,0.9952306151390076
65,357.33929193019867,397.21493446826935,0.08019131422042847,3.478102207183838,252.58854812383652,0.039100319147109985,166.72778844833374,380.74677354097366,0.9998611211776733
66,353.859486579895,400.91975259780884,0.06058704853057861,3.479912757873535,252.55827397108078,0.03624987602233887,166.71727204322815,380.6954748034477,0.9999223351478577
67,357.81603968143463,396.35383239388466,0.03809037804603577,2.9081043004989624,252.895354449749,0.011138826608657837,169.0221185684204,383.21647453308105,0.9997138977050781
68,188.82115769386292,391.50095081329346,0.047261983156204224,189.58827197551727,384.2746820449829,0.06086874008178711,171.36388301849365,383.9548964500427,0.9999887943267822
69,176.68221378326416,394.76332890987396,0.10376811027526855,3.2498313188552856,252.23221364617348,0.019767701625823975,171.81526838243008,385.37664270401,0.9615718126296997
70,188.85700154304504,397.4654223918915,0.19882869720458984,3.4409967064857483,252.56200683116913,0.019436538219451904,408.33705377578735,389.2890158891678,0.9999240636825562
71,189.3146185874939,398.17116117477417,0.3242543935775757,3.4019002318382263,252.7649518251419,0.03260868787765503,414.96494913101196,377.2150032520294,0.7148582935333252
72,192.71778106689453,398.49827218055725,0.1508130431175232,3.804178386926651,253.33370172977448,0.011746257543563843,171.62790194153786,387.3286309838295,0.9274345636367798
73,196.6196318268776,399.351708650589,0.4715927839279175,3.814051166176796,253.31543600559235,0.01417618989944458,174.79388332366943,387.5849248468876,0.9724511504173279
74,193.03858757019043,397.32233214378357,0.07701548933982849,3.9200726449489594,252.3980750143528,0.013083726167678833,175.52730894088745,386.5126795768738,0.9925520420074463
75,190.06131839752197,396.96159422397614,0.012072443962097168,3.9682589061558247,251.81608371436596,0.015652120113372803,176.18256211280823,383.55711698532104,0.9992769956588745
76,375.9461290836334,382.630158662796,0.15318596363067627,2.8032443523406982,252.3174319267273,0.0009663403034210205,176.60757064819336,378.2320156097412,0.005837142467498779
77,376.16166162490845,382.884628534317,0.10388720035552979,2.752673864364624,252.3158948123455,0.0008723437786102295,176.4930260181427,377.3766050338745,0.0040416717529296875
78,372.5664102435112,382.4049119949341,0.9726605415344238,2.609020471572876,252.97880858182907,0.0015834569931030273,179.73530307412148,371.43969374895096,0.03195673227310181
79,374.8284547328949,379.67544263601303,0.993209958076477,2.7178765535354614,252.57458865642548,0.0027419626712799072,187.0825902223587,364.24050809442997,0.6360822916030884
80,375.73660588264465,375.9584369659424,0.9984701871871948,2.343787908554077,250.6219061613083,0.0007194578647613525,186.26765489578247,357.12731099128723,0.9780484437942505
81,370.1447834968567,375.7514772415161,0.9152950644493103,213.91123485565186,351.6546289920807,0.046829044818878174,190.49441957473755,351.27870440483093,0.9999392628669739
82,374.23312616348267,371.13982236385345,0.9958337545394897,219.14506620168686,338.9185800552368,0.9962426424026489,193.32487058639526,340.31831407546997,0.9965811371803284
83,375.60530948638916,364.0133995404467,0.9998942613601685,224.25514006614685,331.5999241769314,0.9847443699836731,194.83158123493195,333.7166098356247,0.9999992847442627
84,373.72365403175354,357.2184611558914,0.9999594688415527,226.48830771446228,318.72521567344666,0.9600769877433777,195.8874368071556,318.2966454029083,0.9999995231628418
85,374.80919647216797,349.1068238019943,0.8613936901092529,226.94968819618225,307.55062824487686,0.999817430973053,199.29624152183533,307.9656200222671,0.9999996423721313
86,372.67900478839874,344.57776832580566,0.9999988079071045,233.92962312698364,302.9173355102539,0.9999537467956543,206.72476649284363,299.44771933555603,1.0
87,373.1780526638031,344.6347510814667,0.9999986290931702,233.00708317756653,302.92487955093384,0.9998860359191895,206.86503648757935,299.62603598833084,0.9999998807907104
88,374.31416416168213,339.4862595796585,1.0,233.4681475162506,293.7919405698776,0.999997079372406,207.8384382724762,291.79469498991966,0.9999999403953552
89,376.5488200187683,334.62458848953247,0.9999991655349731,234.7090116739273,284.0208126306534,0.9999144077301025,209.64631962776184,281.4287021160126,0.9999996423721313
90,378.62385749816895,328.58854722976685,0.9999933838844299,237.83925580978394,275.02514362335205,0.9999886751174927,213.19808971881866,271.0712356567383,0.9999995231628418
91,377.5470037460327,322.62908017635345,0.9999953508377075,242.45891869068146,267.3919197320938,0.9999995827674866,218.73163783550262,263.4448986053467,0.9999973773956299
92,377.3049387931824,317.1310725212097,0.9999668598175049,243.63142743706703,258.559249997139,1.0,224.63672161102295,254.78702521324158,0.9999284744262695
93,378.54323041439056,312.38464164733887,0.9997292757034302,248.5467071533203,253.00149762630463,0.9999998807907104,227.0782498717308,246.65983057022095,1.0
94,383.36525535583496,308.8689376115799,0.9998883008956909,253.8492213487625,245.34653270244598,1.0,229.36234617233276,238.5123689174652,1.0
95,382.8695993423462,305.601948261261,0.9999819993972778,258.4598937034607,238.19640254974365,1.0,234.49957180023193,230.3081202507019,1.0
96,380.9707607626915,295.1595528125763,0.9999678134918213,266.8777394294739,222.64480543136597,0.9999999403953552,243.53806176781654,216.12895488739014,1.0
97,383.4715209007263,291.88311975449324,0.9999663233757019,269.93417143821716,217.31951475143433,0.9999998807907104,248.56266736984253,209.41650938987732,1.0
98,383.1239597797394,291.4496371746063,0.9999816417694092,269.8366208076477,217.27614212036133,0.9999998807907104,247.12587475776672,208.65771436691284,1.0
99,386.84859228134155,288.63252663612366,0.9994465112686157,271.8045527935028,211.5729550421238,1.0,251.25702607631683,202.65469789505005,1.0
100,387.31464046239853,284.7593495249748,0.9999698400497437,278.2487416267395,205.24343812465668,1.0,255.83902621269226,196.84946542978287,1.0
101,389.6578896045685,281.71906900405884,0.9999862909317017,282.3900681734085,200.9083423614502,1.0,258.9660530090332,192.2485866546631,1.0
102,391.0560624599457,280.7177460193634,0.9999699592590332,285.2147134542465,197.05792319774628,1.0,263.0591142177582,186.46051692962646,1.0
103,390.70056080818176,276.6619080901146,0.9999905228614807,289.01758646965027,194.43133926391602,1.0,267.0466356277466,182.99153804779053,1.0
104,390.9113185405731,274.75010323524475,0.9999713897705078,292.18439967930317,191.7154245376587,1.0,270.87183451652527,179.2083169221878,1.0
105,392.676607131958,273.8152976036072,0.9999930262565613,294.65202593803406,189.02821552753448,1.0,272.92032265663147,178.23301315307617,1.0
106,393.1239001750946,272.58665895462036,0.9999955892562866,297.9591176509857,187.9635227918625,1.0,275.39925795793533,176.5659098625183,1.0
107,394.1326276063919,271.599072933197,0.9999948740005493,299.7456066608429,186.82903385162354,1.0,277.55767917633057,174.51879024505615,1.0
108,396.3729727566242,272.21666836738586,0.9999696016311646,302.7825655937195,184.68196630477905,1.0,281.7895345687866,171.3333142399788,1.0
109,396.5457015633583,272.54080176353455,0.9999880790710449,302.83083391189575,184.83291053771973,1.0,281.8947420120239,171.3051159977913,1.0
110,396.54039162397385,273.26267647743225,0.999998927116394,303.29502534866333,184.43445253372192,1.0,282.72715950012207,171.09756845235825,1.0
111,396.21610660851,274.0848408937454,0.9999985694885254,303.61660838127136,184.54646825790405,1.0,283.92228876054287,171.5037665963173,1.0
112,396.88158267736435,275.95433815941215,0.9999921321868896,303.57547092437744,185.53573513031006,1.0,283.5036417543888,171.96352434158325,1.0
113,395.77901488542557,277.37623727321625,0.9994276762008667,302.173467874527,187.1357817053795,1.0,280.66175985336304,174.12226748466492,1.0
114,395.47609424591064,279.65039587020874,0.9991133213043213,300.7523064017296,188.91374439001083,0.9999999403953552,279.0000822544098,176.68185997009277,1.0
115,396.2182745039463,282.0155007839203,0.9995550513267517,298.3508651256561,190.5555784702301,1.0,275.9312349781394,178.6684192419052,1.0
116,395.4738427400589,284.4631384909153,0.9996563196182251,295.36397075653076,194.10179376602173,1.0,273.9381847381592,182.59371733665466,1.0
117,396.79396826028824,287.21189737319946,0.9998434782028198,293.1198947429657,197.51111793518066,1.0,270.63091492652893,187.49234694242477,1.0
118,396.1505495905876,289.17898297309875,0.9999970197677612,290.3782377243042,200.4365348815918,1.0,267.1324092745781,191.5878758430481,1.0
119,394.19853687286377,290.7476885318756,0.999998152256012,285.9716089963913,204.37476220726967,1.0,264.9212520122528,195.38624143600464,1.0
120,395.0698490142822,293.22826385498047,0.9999881982803345,283.8994829505682,208.53936624526978,1.0,263.04969787597656,199.3687686920166,1.0
121,394.9488434791565,296.5493085384369,0.9999902248382568,281.6869373321533,213.75302624702454,1.0,259.0701450705528,204.29729425907135,1.0
122,393.85920000076294,298.117072224617,0.9999964237213135,278.52266335487366,216.41403770446777,1.0,256.84443712234497,207.87396264076233,1.0
123,392.9567918777466,300.46539187431335,0.9999961853027344,278.93497109413147,220.60879689455032,1.0,256.9551749229431,212.82790565490723,1.0
124,392.8650245666504,301.78762662410736,0.9998222589492798,276.8096262216568,224.03402280807495,1.0,254.84717917442322,216.71827840805054,1.0
125,390.1454544067383,303.55534744262695,0.9989776611328125,275.60420536994934,229.851842045784,1.0,253.2075653076172,222.19356727600098,1.0
126,389.92065584659576,307.2131950855255,0.9937301278114319,271.8066577911377,233.70777225494385,1.0,250.3352528810501,226.843279838562,1.0
127,393.121928691864,310.42311906814575,0.9971094131469727,273.62995314598083,240.11113357543945,1.0,248.82371854782104,231.39692330360413,1.0
128,393.17760848999023,312.4204592704773,0.9999122023582458,269.54955446720123,244.12627671658993,1.0,244.85370951890945,237.66198539733887,1.0
129,394.8359622955322,315.8634303957224,0.9999401569366455,267.9878506259993,252.56432002782822,0.9999998807907104,244.0688533782959,244.32615959644318,1.0
130,394.13068652153015,318.25637912750244,0.9999667406082153,263.51738715171814,258.9200360774994,1.0,241.40966320037842,254.14602541923523,0.9999998807907104
131,396.19082464277744,323.63851138949394,0.9999908208847046,260.60340487957,265.02978348731995,0.9999998807907104,238.766991853714,263.4857177734375,0.9999998807907104
132,395.71736282110214,326.4382004737854,0.9999962449073792,261.08445608615875,275.1524670124054,0.9999979734420776,234.45670747756958,270.9400317668915,0.9999997615814209
133,395.56072318553925,329.35399866104126,0.9999502897262573,258.32306957244873,281.0859441757202,0.999993622303009,233.8216450214386,277.94711327552795,1.0
134,394.96233224868774,332.30953255295753,0.9999971389770508,258.09464836120605,288.12728357315063,0.9999997615814209,233.1715428829193,285.6004112958908,1.0
135,392.5635404586792,335.1729154586792,0.9999962449073792,255.59494495391846,295.33042311668396,0.9999989867210388,231.56855821609497,293.2385482788086,1.0
136,391.74019837379456,337.48418283462524,0.9999994039535522,257.7662456035614,302.8247365951538,0.9999998807907104,231.93519186973572,300.910826086998,1.0
137,390.51479172706604,340.55887019634247,0.9999979138374329,252.1805403381586,308.03015346452594,0.9999997615814209,228.33475026488304,305.3538043498993,1.0
138,396.1826618462801,341.052552819252,0.9999979734420776,249.9780650138855,311.1710741519928,0.999847412109375,226.33746922016144,310.3631429672241,1.0
139,396.3702615201473,343.042982339859,0.9999985098838806,251.47054642438889,318.97609782218933,0.9996181726455688,226.52720737457275,315.704246789217,1.0
140,396.57296723127365,343.9760580062866,0.9999810457229614,256.3627197742462,320.5373361110687,0.9998428821563721,227.9487776979804,320.86233377456665,1.0
141,398.9396958351135,345.7102761268616,0.9986633062362671,252.04852230101824,325.7808656692505,0.99959397315979,225.72598910331726,323.5102979838848,1.0
142,398.33125352859497,347.6989832818508,0.99977707862854,252.44532775878906,328.303026676178,0.9842327833175659,226.791419506073,328.4934139251709,1.0
143,258.425243973732,340.1324952095747,0.9996262788772583,250.9124277830124,333.14236855506897,0.995023787021637,227.18442738056183,332.73234260082245,1.0
144,399.359322309494,349.7143130302429,0.9997917413711548,250.82375693321228,336.3239703178406,0.9976908564567566,226.07143342494965,336.6700897216797,1.0
145,399.619713306427,351.7886095046997,0.995093047618866,251.17822808027267,340.5097461938858,0.998271644115448,226.88901364803314,340.17052687704563,1.0
146,399.9095368385315,352.92794489860535,0.9962883591651917,250.5829712152481,343.70943331718445,0.8178380727767944,226.22903168201447,344.515154838562,0.9999995231628418
147,253.92201471328735,353.8316698074341,0.9997482895851135,253.89539241790771,349.635290145874,0.7632029056549072,225.740483045578,350.04557943344116,0.9999979138374329
148,398.56213665008545,356.8033113479614,0.9963433742523193,247.5852656364441,353.730815410614,0.8145374059677124,225.05470323562622,353.08075165748596,0.9999997615814209
149,397.4610677957535,357.73910450935364,0.9986097812652588,250.8904126882553,356.7137457728386,0.00420767068862915,223.54691123962402,356.762378513813,0.9999940395355225
150,397.57035422325134,357.58798694610596,0.9999257922172546,258.81139600276947,357.03304851055145,0.013550907373428345,227.60528260469437,359.5224859714508,0.9999229907989502
151,396.66456574201584,359.2416672706604,0.9974702000617981,257.4422514438629,361.0657784938812,0.009036660194396973,227.82159857451916,362.41623997688293,0.9997014999389648
152,319.45397210121155,367.0997145175934,0.9745349884033203,250.07083010673523,366.65267992019653,0.01629975438117981,227.75441811978817,364.9579202532768,0.999977171421051
153,252.73550766706467,370.04652070999146,0.9716689586639404,249.6078746318817,368.08416175842285,0.021734267473220825,228.91296297311783,366.41677594184875,0.9999693036079407
154,258.1077460050583,371.8499172478914,0.9997421503067017,255.22433757781982,365.84383630752563,0.0587562620639801,229.5774986743927,366.28820300102234,0.9956362247467041
155,258.6667740345001,372.46388390660286,0.9999220371246338,255.02859354019165,366.4366729259491,0.09947401285171509,228.79776811599731,368.46155166625977,0.9991967678070068
156,258.72024857997894,373.91149175167084,0.999279797077179,255.16617393493652,366.9068937301636,0.3094187378883362,229.5487380027771,369.38153553009033,0.999990701675415
157,259.05476582050323,374.37570428848267,0.9997102618217468,255.31915378570557,367.09669160842896,0.14925456047058105,228.41502940654755,369.9968409538269,0.9999864101409912
158,260.48337095975876,374.95589089393616,0.9998689293861389,250.23326981067657,369.5351619720459,0.1503235399723053,228.55137729644775,370.80954134464264,0.9999875426292419
159,261.19634568691254,375.3030924797058,0.9996870756149292,250.72707307338715,369.9602427482605,0.1808280646800995,228.7853153347969,370.946280837059,0.9999932050704956
160,260.963919878006,375.44312500953674,0.9998776316642761,250.5082767009735,370.05065298080444,0.06644827127456665,228.9253916144371,371.481626868248,0.9999527931213379
161,260.37980765104294,376.99722051620483,0.9995608329772949,252.09419675171375,372.1998769044876,0.1380525827407837,229.0172861814499,372.5368973016739,0.9999808073043823
162,260.2923204302788,378.13232946395874,0.9963268637657166,251.16247296333313,373.1229019165039,0.058181196451187134,229.39050137996674,373.630997300148,0.9999696016311646
163,261.0027333498001,378.18954944610596,0.9965564608573914,251.91488273441792,373.0196017026901,0.10502204298973083,229.19314527511597,373.31065011024475,0.9999628663063049
164,261.67734122276306,378.555212020874,0.9853851795196533,251.95513936504722,373.7292686700821,0.08506372570991516,229.89830255508423,374.5120234489441,0.9999266862869263
165,265.1508369445801,375.9621727466583,0.9921351671218872,251.99075352493674,373.2784081697464,0.16411513090133667,229.33050417900085,374.07878732681274,0.9999791383743286
166,265.75322794914246,375.4724979400635,0.9916305541992188,252.60892045497894,373.05917608737946,0.2791050672531128,228.82100069522858,373.5861701965332,0.9999796748161316
167,265.48849630355835,374.7741005420685,0.9919782876968384,251.70999333262444,372.2949949502945,0.20256668329238892,229.2482112646103,372.86611157655716,0.9999855756759644
168,260.51007056236267,375.7780258655548,0.9962378144264221,252.97517585754395,371.75822998583317,0.5259542465209961,230.67203855514526,370.51293563842773,0.9999741315841675
169,260.5597357749939,373.7144136428833,0.9994518756866455,251.4165164232254,369.6435422897339,0.4232906699180603,230.11224484443665,369.2434678077698,0.9999525547027588
170,259.3278879523277,372.72283589839935,0.9662685394287109,255.51332330703735,366.99163913726807,0.7416330575942993,229.9212040901184,368.7091865539551,0.9999986886978149
171,394.9874858856201,360.96391773223877,0.9965207576751709,255.53930759429932,366.28546953201294,0.760951042175293,230.68839263916016,367.0298137664795,0.9999122619628906
172,321.99730682373047,365.7898099422455,0.9927185773849487,255.86101818084717,365.78906977176666,0.5152695178985596,229.86865627765656,365.7121750116348,0.9999641180038452
173,320.9894073009491,365.87854278087616,0.9693519473075867,255.83606338500977,364.89689242839813,0.3942331373691559,231.75849294662476,365.42035269737244,0.9999915361404419
174,394.38281071186066,358.89833903312683,0.9907363653182983,257.1217346191406,364.1232517436147,0.5672736167907715,231.77437353134155,365.1364154815674,0.9999963045120239
175,319.0711467266083,367.3609116077423,0.9848624467849731,256.74979424476624,363.67179119586945,0.5211344957351685,232.0606393814087,364.8015906214714,0.9999952912330627
176,318.66967248916626,367.49959444999695,0.9829300045967102,256.9044134616852,363.787824600935,0.46310749650001526,231.73177862167358,364.90959149599075,0.9999957084655762
177,320.9624545574188,365.8975405693054,0.9795416593551636,256.3655972480774,364.6869637966156,0.5492337346076965,232.0094096660614,365.298859000206,0.9999969601631165
178,396.4366729259491,358.9697091579437,0.996361494064331,256.51646661758423,364.3979696929455,0.6859322786331177,231.14216423034668,364.8601686358452,0.9999936819076538
179,397.03531634807587,358.2752683162689,0.9994508028030396,255.91414403915405,364.6056768298149,0.3606177270412445,231.29790019989014,365.18654668331146,0.9999938607215881
180,396.28797578811646,358.0922739505768,0.9996456503868103,249.60684490203857,365.677757024765,0.05743598937988281,229.5146791934967,364.5532600879669,0.9999597072601318
181,397.1357995271683,356.99203610420227,0.9998993277549744,247.36879539489746,365.1095063686371,0.019066184759140015,228.93584161996841,364.0288149807602,0.999988317489624
182,396.5901146531105,356.27705067396164,0.9993366599082947,249.46634078025818,358.52773690223694,0.16344672441482544,226.67922496795654,359.7947928905487,0.9999955892562866
183,397.39920914173126,355.60711681842804,0.984102725982666,250.90355491638184,356.950539290905,0.11842715740203857,226.36341106891632,358.15911054611206,0.9999971389770508
184,398.29178977012634,353.773797750473,0.9979385137557983,247.7913830280304,354.36920642852783,0.2645598351955414,221.56695902347565,356.11866196990013,0.9999709725379944
185,253.4193856716156,356.6809220314026,0.9995914697647095,247.64797854423523,351.6787874698639,0.9133326411247253,224.1290409564972,352.14497089385986,0.9999722242355347
186,400.8015704154968,349.80162382125854,0.9986870288848877,246.4128909111023,348.79814141988754,0.9568203687667847,220.96420669555664,351.46786093711853,0.9999982118606567
187,401.7916841506958,348.0147779388353,0.999896764755249,245.91329669952393,345.1912326812744,0.9626357555389404,220.39282342791557,347.9969694856554,0.999987781047821
188,253.1543859243393,349.1738181114197,0.9994014501571655,246.5646505355835,341.68802666664124,0.9768785834312439,219.78699280321598,345.0359859466553,0.999988853931427
189,255.769446849823,348.46118980646133,0.9993432760238647,247.34921741485596,340.569118142128,0.9961351156234741,219.01923894882202,343.90525102615356,0.999925971031189
190,256.2328817844391,347.2606942653656,0.9999176263809204,247.50566029548645,338.75806844234467,0.9916561841964722,217.54111194610596,343.22528171539307,0.9997003674507141
191,254.89427947998047,346.8832063674927,0.9999209046363831,247.36993980407715,337.98235750198364,0.9821730852127075,216.10582160949707,342.0361473560333,0.9982517957687378
192,253.94644463062286,346.37597393989563,0.9998733997344971,246.9564549922943,337.6572742462158,0.960390567779541,213.99560141563416,340.96377354860306,0.9984943270683289
193,250.5404486656189,345.3487503528595,0.9999064207077026,238.8157777786255,339.01107317209244,0.9272908568382263,213.20735728740692,340.2660685181618,0.9900623559951782
194,251.97343817539513,344.324613571167,0.9997744560241699,238.98363661766052,338.0951135158539,0.967477023601532,217.0860104560852,339.1971538066864,0.989849328994751
195,251.59514954686165,341.69915211200714,0.9999667406082153,243.62586498260498,334.47472500801086,0.989532470703125,211.96091954037547,337.3925471305847,0.9999618530273438
196,251.9587999470532,339.3309493660927,0.9999750852584839,242.8649948835373,332.1322097480297,0.9961919188499451,212.01304554659873,334.98476004600525,0.999995231628418
197,250.82043969631195,335.8874897956848,0.9998154640197754,243.3502158522606,328.7254319190979,0.9190764427185059,209.4029037952423,331.21295124292374,0.9999994039535522
198,249.33719396591187,331.8692097365856,0.9999009370803833,238.39360809326172,324.333603233099,0.9363672137260437,209.59193325042725,324.8669815659523,0.9992318153381348
199,250.8324431180954,326.37363958358765,0.9988106489181519,245.13784444332123,319.3052816390991,0.998626708984375,209.6727955341339,319.856148481369,0.9999998807907104
200,249.2815489768982,320.97881150245667,0.9849729537963867,241.641348361969,312.5176248550415,0.9977985620498657,209.8906226158142,313.90419268608093,0.9999999403953552
201,404.1339522600174,325.97025310993195,0.9934368133544922,243.04896569252014,306.46135687828064,0.9999961853027344,210.3755486011505,308.03835892677307,1.0
202,404.24945767223835,324.0720890313387,0.9999926686286926,245.4293259382248,300.8013095855713,0.9999990463256836,214.65029168128967,301.1873358488083,0.9999998807907104
203,405.9600523710251,320.0404734611511,0.9999644160270691,244.96599578857422,297.8126356601715,0.9994564056396484,217.12099504470825,298.16667664051056,0.9999998807907104
204,403.8525945544243,318.73165130615234,0.9999990463256836,245.29219210147858,291.7798944413662,0.9999895095825195,219.63699394464493,291.0931830406189,1.0
205,402.1990022659302,314.28760731220245,0.9999970197677612,248.75851917266846,285.54940152168274,0.9999529123306274,220.13597865402699,285.8695605993271,1.0
206,404.36068719625473,312.50478172302246,0.999997615814209,251.66938337683678,282.1018719673157,0.9999520778656006,220.00197076098993,280.14124155044556,0.9999989867210388
207,402.4366719722748,310.42271614074707,0.9999986886978149,251.4172031879425,277.41843354701996,0.9997742176055908,221.43381917476654,274.45765686035156,1.0
208,404.9140867590904,308.7221515774727,0.999983549118042,255.76106452941895,272.66828298568726,0.998504638671875,223.45621132850647,270.1781497001648,0.9999998211860657
209,409.00958919525146,307.048203766346,0.981835126876831,255.17417573928833,267.40408343076706,0.9999955892562866,226.62489640712738,264.86675119400024,1.0
210,407.9525513648987,304.8900408744812,0.9996054172515869,253.66525638103485,261.8027892112732,1.0,227.94428231567144,258.1725392341614,1.0
211,403.4657011628151,303.34070444107056,0.9999958276748657,258.44178330898285,258.78731298446655,1.0,232.60579252243042,255.21418166160583,1.0
212,402.54989302158356,302.38792419433594,0.9999993443489075,259.19371742010117,251.92072167992592,1.0,236.2974562048912,249.01915788650513,1.0
213,403.87058395147324,301.10841286182404,0.9999995827674866,261.0526223182678,249.36208534240723,1.0,232.53225374221802,244.138774856925,1.0
214,403.2171463370323,300.7780973315239,0.9999992847442627,262.03062438964844,244.12024077028036,1.0,235.3537551164627,239.8824188709259,1.0
215,402.8382867574692,301.3191841840744,0.9999991059303284,262.91432094573975,239.90117597579956,1.0,235.93459092080593,234.89827680587769,1.0
216,400.21903252601624,301.71687948703766,0.9999994039535522,263.2158958911896,236.23185588419437,1.0,237.5150022506714,229.71011757850647,1.0
217,398.5453839302063,302.41025161743164,0.9999916553497314,266.0765951871872,232.75321769714355,1.0,237.9123021364212,224.58227014541626,1.0
218,396.43639239668846,301.2320098876953,0.9999834895133972,267.9168583378196,226.2331247329712,1.0,239.91224026679993,218.19337272644043,1.0
219,396.8157965540886,302.97000885009766,0.9998126029968262,268.99209558963776,222.87554478645325,1.0,244.27185726165771,212.91690999269485,1.0
220,396.3384730219841,305.8571105003357,0.9999883770942688,273.302499294281,218.59576511383057,1.0,246.36436796188354,207.35476207733154,1.0
221,393.6565899848938,306.2389395236969,0.9979414939880371,275.2739977836609,212.1533165872097,1.0,250.86763906478882,201.99800062179565,1.0
222,395.7402603030205,308.89918756484985,0.9957956671714783,280.8440365791321,207.62068033218384,1.0,254.78334641456604,195.90703535079956,1.0
223,397.50818288326263,311.7182869911194,0.9986185431480408,284.93887877464294,202.6001787185669,1.0,258.4119267463684,187.96076281741261,1.0
224,397.01325964927673,314.1478568315506,0.9999531507492065,289.5337438583374,199.45943093299866,1.0,264.1919631958008,183.7624180316925,1.0
225,395.899619564414,315.3772594332695,0.9999541640281677,294.63634181022644,197.05270338058472,1.0,269.553169965744,178.2766935825348,1.0
226,395.2940421104431,316.2767747938633,0.9999785423278809,299.59694957733154,194.41271817684174,1.0,275.228631734848,174.53863835334778,1.0
227,395.29919546842575,316.29029110074043,0.9999803304672241,299.4865427017212,194.2236338853836,1.0,275.0237282514572,174.63341760635376,1.0
228,394.3892331123352,316.9475464820862,0.9999957084655762,307.60971170663834,186.3588948249817,1.0,288.5738034248352,165.21773648262024,1.0
229,394.2029414176941,317.44652688503265,0.9999974966049194,312.70625734329224,183.0450656414032,1.0,295.1667654514313,160.8669171333313,1.0
230,393.9073123931885,317.12703466415405,0.9999977946281433,316.82526755332947,181.88233745098114,1.0,301.77067601680756,157.9255509376526,1.0
231,393.414026260376,317.058341383934,0.9999988079071045,320.5262541770935,177.817241191864,1.0,305.8892469406128,155.38261753320694,1.0
232,392.7529249191284,316.595321893692,0.9999994039535522,324.71484249830246,176.681396484375,1.0,310.8947958946228,153.76068258285522,1.0
233,392.2483563423157,316.08229925483465,0.9999997019767761,327.56272077560425,173.8565684556961,1.0,315.5572018623352,151.97480702400208,1.0
234,391.6737153530121,315.6176986694336,0.9999998807907104,330.865029335022,172.08209638297558,1.0,318.9176936149597,149.7964653968811,1.0
235,391.969509601593,315.9967521082144,0.9999998807907104,334.41761207580566,170.7044860124588,1.0,323.0455503463745,148.64283001422882,1.0
236,391.6227250099182,315.3832171559334,0.9999998807907104,337.45584321022034,170.49699878692627,1.0,328.85981845855713,147.6882030069828,1.0
237,391.7063982486725,315.6677053272724,0.9999999403953552,341.613845705986,168.29857110977173,1.0,333.68532061576843,146.21756267547607,1.0
238,391.68234610557556,315.621485888958,0.9999999403953552,341.615438580513,168.35914707183838,1.0,333.6091568470001,146.2214813232422,1.0
239,391.75312900543213,315.57026067376137,0.9999998807907104,344.09751415252686,167.95777487754822,1.0,339.1074407696724,146.19102430343628,1.0
240,391.1584401130676,315.54521653056145,0.9999998807907104,351.9806637763977,166.49453210830688,1.0,345.57816076278687,144.6116452217102,1.0
241,391.08500957489014,315.56696060299873,0.9999998807907104,357.02414417266846,165.62746107578278,1.0,352.0552341938019,145.66737127304077,1.0
242,390.95528197288513,315.34752678871155,0.9999999403953552,359.9802944660187,164.5179533958435,1.0,357.0340349674225,145.06343173980713,1.0
243,391.1811993122101,315.32371813058853,0.9999999403953552,364.3828468322754,164.1149356290698,1.0,360.2349338531494,143.98938131332397,1.0
244,390.9192419052124,315.3536113500595,1.0,370.3343997001648,165.74464344978333,1.0,365.62677443027496,143.5012104511261,1.0
245,391.113064289093,315.71888932585716,1.0,374.83080434799194,164.29957419633865,1.0,371.5176538825035,143.14798426628113,1.0
246,390.965247631073,315.76535469293594,0.9999998807907104,377.70988607406616,164.44143423438072,1.0,374.81676721572876,143.17103576660156,1.0
247,390.3652443885803,315.68289774656296,0.9999998807907104,382.15642404556274,166.4272017478943,1.0,378.4090828895569,143.56352758407593,1.0
248,390.59912610054016,315.71101635694504,0.9999998807907104,382.1645665168762,166.39673352241516,1.0,379.1616814136505,143.62264347076416,1.0
249,390.21278190612793,315.8909174501896,0.9999999403953552,385.9954242706299,166.7353036403656,1.0,383.3444199562073,143.76277041435242,1.0
250,389.6718907356262,315.59434002637863,0.9999999403953552,389.3305718898773,165.9768316745758,1.0,387.53578531742096,143.54578948020935,1.0
251,389.8430732488632,315.62870049476624,0.9999998807907104,391.76664662361145,165.5117208957672,1.0,389.64285349845886,143.54048871994019,1.0
252,389.7070029973984,316.07623828947544,0.9999999403953552,392.6938977241516,165.15909671783447,1.0,390.26476287841797,143.51078367233276,1.0
253,390.1686182022095,316.15986792743206,0.9999998807907104,391.35915756225586,165.04872286319733,1.0,388.89425629377365,143.74828243255615,1.0
254,389.8214647769928,315.844893977046,0.9999998807907104,389.07903611660004,166.2345380783081,1.0,386.75804328918457,144.35250854492188,1.0
255,390.05823802948,316.1345520466566,1.0,385.33051204681396,166.87506699562073,1.0,382.7965257167816,144.91696310043335,1.0
256,390.4004852771759,316.4256998002529,1.0,379.95271211490035,166.00104975700378,1.0,376.879949092865,143.6712086200714,1.0
257,390.31674218177795,316.58530789613724,1.0,375.83729791641235,164.9703889489174,1.0,373.1053384542465,144.57890701293945,1.0
258,389.96948158741,316.54890352487564,1.0,370.96066093444824,166.6584928035736,1.0,368.4053030014038,144.97460412979126,1.0
259,390.10649824142456,316.6365360021591,1.0,370.8791227340698,166.39457273483276,1.0,367.5585241317749,144.26192474365234,1.0
260,390.04589200019836,317.27853059768677,0.9999998807907104,363.3329973220825,164.69545567035675,1.0,360.1784620285034,144.75114154815674,1.0
261,389.4718540906906,317.34783935546875,0.9999998807907104,357.27690279483795,165.92896449565887,1.0,354.8374136686325,145.01123094558716,1.0
262,389.39031314849854,317.7347744703293,1.0,350.8681592941284,168.55578565597534,1.0,345.13216066360474,146.28704166412354,1.0
263,389.1913927793503,318.3730535507202,1.0,343.7035412788391,170.40463638305664,1.0,337.7504925727844,149.75436079502106,1.0
264,389.5053985118866,319.40631198883057,1.0,328.9383931159973,175.75802612304688,1.0,320.8897535800934,153.86797094345093,1.0
265,389.6501191854477,319.4902675151825,0.9999998807907104,321.91819620132446,178.65689849853516,1.0,310.828262090683,156.77668154239655,1.0
266,390.26299142837524,319.5607924461365,0.9999997615814209,314.1382942199707,183.15882658958435,1.0,302.7276940345764,159.28129029273987,1.0
267,390.3443398475647,320.0222067832947,0.9999994039535522,306.97599947452545,187.28628063201904,1.0,293.1988204717636,163.37269699573517,1.0
268,390.5934433937073,320.8241319656372,0.9999985098838806,302.00546193122864,189.01121819019318,1.0,283.9226890951395,168.40043306350708,1.0
269,390.4244637489319,320.8072385787964,0.999998927116394,296.92877531051636,194.74240291118622,1.0,276.06121760606766,174.28711104393005,1.0
270,390.82273721694946,321.0420951843262,0.9999989867210388,296.9828577041626,194.3484444618225,1.0,275.9575848057866,174.04538989067078,1.0
271,389.81907844543457,321.0648603439331,0.9999997615814209,292.0553891547024,199.30451226234436,1.0,271.62887692451477,178.2796573638916,1.0
272,389.4948272705078,320.9058287143707,0.9999997615814209,287.25590658187866,203.22429502010345,1.0,266.13752794265747,183.4769721031189,1.0
273,390.17626667022705,321.70364475250244,0.9999998807907104,283.26208287477493,209.2872281074524,1.0,260.9889709353447,189.39936685562134,1.0
274,391.21555352211,322.5119723081589,0.999999463558197,278.00846123695374,211.61379218101501,1.0,257.95209646224976,195.01851224899292,1.0
275,392.1681532859802,323.1184615492821,0.9999985098838806,275.10598796606064,216.62135887145996,1.0,252.71646511554718,199.09630274772644,1.0
276,392.03672218322754,324.75209802389145,0.9999978542327881,268.74577832221985,226.8014416694641,1.0,246.18980312347412,210.66244077682495,1.0
277,392.4637269973755,326.21428871154785,0.9999993443489075,265.67515087127686,232.77790307998657,1.0,240.5219497680664,216.28198623657227,1.0
278,394.2747964859009,328.2624638080597,0.9999978542327881,262.7640452384949,237.27898108959198,1.0,237.69762992858887,221.39179837703705,1.0
279,394.173556804657,329.5457372665405,0.9999960660934448,260.59705805778503,243.13773727416992,1.0,234.6259536743164,229.8022689819336,1.0
280,394.2045564651489,329.44179677963257,0.999996542930603,260.7266056537628,242.7821536064148,1.0,233.63145923614502,228.36234211921692,1.0
281,394.0649881362915,331.3620482683182,0.9999982118606567,257.97983407974243,248.56337928771973,1.0,229.76844561100006,234.3738193511963,1.0
282,393.49927711486816,332.860205411911,0.9999994039535522,254.7846441268921,254.88285636901855,1.0,226.40194594860077,242.05559539794922,1.0
283,392.7203345298767,334.5842046737671,0.999998152256012,254.86654448509216,259.74292585253716,1.0,226.01820468902588,248.06606197357178,1.0
284,394.0835039615631,335.6033477783203,0.999998927116394,253.36117136478424,264.72544527053833,1.0,221.2704256772995,255.52366399765015,0.9999992847442627
285,395.2652357816696,336.0740876197815,0.9999691247940063,249.94496965408325,267.79089057445526,1.0,221.36870455741882,260.8138499855995,1.0
286,396.0737687051296,338.0614415407181,0.9999536275863647,248.48267817497253,274.93756926059723,1.0,220.02202663384378,266.8091605901718,1.0
287,395.42940694093704,339.5398232936859,0.9999994039535522,247.0422613620758,280.1320481300354,0.9999987483024597,214.73027729988098,273.5051109790802,1.0
288,394.15743947029114,342.9721910953522,0.9994579553604126,245.2585198879242,289.99329376220703,1.0,214.6589388847351,283.052987575531,1.0
289,399.69805359840393,342.1906759738922,0.9998575448989868,244.43572574853897,293.47163212299347,1.0,212.35155782103539,289.80245637893677,1.0
290,398.91732692718506,343.8595700263977,0.9999876022338867,243.34649294614792,298.6277928352356,1.0,212.025002643466,293.35576236248016,1.0
291,398.7325758934021,343.90711855888367,0.9999902844429016,243.03141021728516,298.7108631134033,1.0,211.77752485871315,293.24224185943604,1.0
292,398.00997400283813,345.9956765174866,0.9999812841415405,240.77060842514038,301.23064947128296,0.9999998807907104,208.35993790626526,297.2867364883423,1.0
293,399.46248483657837,347.5967278778553,0.9999853372573853,243.72138312458992,305.6453447341919,1.0,209.2242090702057,302.49546575546265,1.0
294,401.9200851917267,348.9573287367821,0.9999946355819702,238.97290873527527,310.3889796733856,1.0,205.60458660125732,307.05580300092697,1.0
295,403.7506049722433,349.27089416980743,0.9999834299087524,239.39495992660522,316.0395277701318,0.9999996423721313,204.4825283885002,312.3331127166748,0.9999999403953552
296,404.52865368127823,350.7239508628845,0.9999760389328003,240.20184898376465,320.9026517868042,0.9999996423721313,206.34787368774414,315.6872428059578,0.9999998807907104
297,405.09756767749786,351.8189754486084,0.9999868869781494,240.61506295204163,323.3413143157959,0.9999990463256836,203.82037968933582,320.30595111846924,0.9999998807907104
298,405.6845020055771,352.5131890773773,0.9999908208847046,238.25819277763367,325.37355983257294,0.9999930262565613,204.7566482424736,323.67497289180756,0.9999998807907104
299,404.69772332906723,353.2744617462158,0.9999997615814209,237.22052586078644,326.32688546180725,0.9999989867210388,201.22446727752686,327.6811168193817,1.0
300,404.3527386188507,355.5047260224819,0.999936580657959,236.83970373868942,330.2722821235657,0.9999985098838806,202.82287752628326,331.18912822008133,0.9999998807907104
301,405.4139794111252,355.6747942864895,0.9996890425682068,236.05230128020048,330.87704741954803,0.9999991059303284,203.55644783377647,331.59959557652473,0.9999998807907104
302,404.7875102162361,355.6415868997574,0.9997680187225342,236.02322085015476,330.89283418655396,0.9999991655349731,203.63770580291748,331.65159687399864,0.9999999403953552
303,406.0005843639374,356.69719684123993,0.9999980926513672,235.87246987223625,331.0537906885147,0.9999990463256836,202.58347511291504,332.14535531401634,0.9999997019767761
304,403.6461372971535,356.5664689540863,0.9999998211860657,235.47889125347137,330.76332235336304,0.9999994039535522,202.22707891464233,332.54998779296875,0.9999996423721313
305,401.3928611278534,357.14867997169495,0.9999997019767761,234.71270751953125,332.525803565979,0.999998927116394,201.61956357955933,332.3444931805134,0.9999998211860657
306,401.4589591026306,357.317010641098,0.9999996423721313,234.6131067276001,332.4816605746746,0.999998927116394,200.9276819229126,332.68201208114624,0.9999998807907104
307,401.3068370819092,357.77545499801636,0.9999985694885254,234.63114976882935,332.3695457279682,0.9999982714653015,200.59449005126953,332.99057573080063,0.9999998807907104
308,400.8470618724823,358.2018265724182,0.9999979734420776,234.30527591705322,332.4753087460995,0.9999985694885254,200.95241498947144,332.7773404121399,0.9999998807907104
309,401.6786832809448,357.8243376016617,0.9986959099769592,234.7731852531433,332.3528356850147,0.9999982118606567,200.03709363937378,332.6592974662781,1.0
310,401.70760345458984,359.46733593940735,0.9830983877182007,234.36631774902344,332.35563254356384,0.9999985694885254,199.6029086112976,332.9523277282715,0.9999998807907104
311,241.96341490745544,342.43467473983765,0.9869399070739746,234.58072090148926,332.76611572504044,0.9999973773956299,199.59021043777466,332.9170327782631,1.0
312,241.71614027023315,343.66809844970703,0.9864157438278198,234.70164275169373,333.7380656003952,0.9999940991401672,199.0578215122223,332.52996331453323,1.0
313,399.97292494773865,359.8700330257416,0.9996306896209717,234.10782718658447,332.95788818597794,0.9999920129776001,197.9353506565094,332.661894261837,1.0
314,399.1324806213379,360.91578245162964,0.9997740983963013,234.65674436092377,332.50789016485214,0.9999913573265076,197.14402532577515,332.4504513144493,0.9999999403953552
315,397.6738678216934,361.38637709617615,0.9997317790985107,234.88209342956543,333.23830211162567,0.9999908208847046,197.43859887123108,331.96051988378167,1.0
316,398.6349067687988,362.09086537361145,0.9998314380645752,235.54261872172356,331.26996487379074,0.9999967813491821,196.92341965436935,330.122438788414,1.0
