scorer,DeepCut_resnet50_Project2Jul8shuffle1_125000,DeepCut_resnet50_Project2Jul8shuffle1_125000,DeepCut_resnet50_Project2Jul8shuffle1_125000,DeepCut_resnet50_Project2Jul8shuffle1_125000,DeepCut_resnet50_Project2Jul8shuffle1_125000,DeepCut_resnet50_Project2Jul8shuffle1_125000,DeepCut_resnet50_Project2Jul8shuffle1_125000,DeepCut_resnet50_Project2Jul8shuffle1_125000,DeepCut_resnet50_Project2Jul8shuffle1_125000,DeepCut_resnet50_Project2Jul8shuffle1_125000,DeepCut_resnet50_Project2Jul8shuffle1_125000,DeepCut_resnet50_Project2Jul8shuffle1_125000
bodyparts,shoulder,shoulder,shoulder,elbow,elbow,elbow,wrist,wrist,wrist,hand,hand,hand
coords,x,y,likelihood,x,y,likelihood,x,y,likelihood,x,y,likelihood
0,278.8713562488556,105.83905100822449,0.0013861358165740967,29.04854118824005,286.85458111763,0.02054622769355774,3.24607515335083,479.0849378108978,9.712576866149902e-05,100.63355445861816,116.7208965420723,0.004023551940917969
1,291.5764138698578,111.66491222381592,0.001855403184890747,46.20478630065918,292.6483321785927,0.01184147596359253,3.2326844334602356,479.0839858055115,9.53376293182373e-05,93.24383437633514,110.6637830734253,0.0074290931224823
2,7.11817479133606,483.2578339576721,7.382035255432129e-05,47.01362204551697,292.49454602599144,0.04973018169403076,3.219850182533264,479.1114466190338,9.316205978393555e-05,98.78752326965332,121.43131804466248,0.023461639881134033
3,7.118285417556763,483.2303228378296,7.236003875732422e-05,47.03510284423828,292.22184202075005,0.016848713159561157,3.196535289287567,479.1270840167999,9.295344352722168e-05,91.8135089725256,109.66012477874756,0.0012106895446777344
4,293.4406313896179,107.78120349347591,0.00039315223693847656,46.98627233505249,292.5843992829323,0.11996522545814514,3.189341187477112,479.1728835105896,9.128451347351074e-05,100.84320420026779,122.02132320404053,0.0051187872886657715
5,291.7970060557127,106.7480742931366,0.0012198984622955322,47.900644063949585,292.55211436748505,0.008710712194442749,3.1657607555389404,479.125435590744,8.973479270935059e-05,100.75316840410233,121.74745011329651,0.0009695589542388916
6,286.3227393627167,103.74011087417603,0.0011230707168579102,48.1951265335083,292.4757106602192,0.018628865480422974,3.141958177089691,479.1409389972687,9.015202522277832e-05,102.6467797756195,122.29366397857666,0.0022090375423431396
7,7.102945327758789,483.2478880882263,6.771087646484375e-05,48.06975078582764,293.2599880695343,0.0008991062641143799,3.1663362979888916,479.09472918510437,8.845329284667969e-05,106.69158458709717,123.06681889295578,0.0008597671985626221
8,7.099418878555298,483.2559480667114,6.899237632751465e-05,46.306763648986816,292.77080577611923,0.0007929503917694092,3.1866025924682617,479.07954955101013,8.96751880645752e-05,101.27811801433563,122.24685442447662,0.0002040863037109375
9,7.117542028427124,483.23996448516846,6.86943531036377e-05,48.405056953430176,292.8653777241707,0.00026476383209228516,3.1789321303367615,479.08156156539917,9.09566879272461e-05,0.35287046432495117,479.10801887512207,5.328655242919922e-05
10,7.091021537780762,483.25491094589233,6.881356239318848e-05,48.264824867248535,292.93647652864456,0.003752797842025757,3.150845944881439,479.0950572490692,9.077787399291992e-05,0.33587217330932617,479.1024532318115,5.289912223815918e-05
11,7.098666191101074,483.26890325546265,6.821751594543457e-05,48.015323877334595,293.1364461183548,0.0005807280540466309,3.167255163192749,479.13527727127075,8.824467658996582e-05,0.33043599128723145,479.11305475234985,5.131959915161133e-05
12,7.081462860107422,483.32628870010376,6.04093074798584e-05,45.844375014305115,293.00036668777466,0.00015288591384887695,101.41936910152435,220.9206473827362,0.00016355514526367188,0.27988433837890625,479.1260447502136,4.652142524719238e-05
13,7.0817039012908936,483.3116879463196,6.48200511932373e-05,45.668176889419556,292.4318907260895,0.00016608834266662598,100.57943004369736,220.8656837940216,0.00034287571907043457,0.3205125331878662,479.1408441066742,4.902482032775879e-05
14,7.085636377334595,483.30222845077515,6.386637687683105e-05,48.15127897262573,293.66077423095703,0.0016566216945648193,99.62448632717133,221.41668009757996,0.002589672803878784,396.5074726343155,59.650090992450714,4.762411117553711e-05
15,7.06814432144165,483.2712125778198,6.607174873352051e-05,46.89260220527649,292.8786955475807,0.00016984343528747559,100.29780182242393,221.5635837316513,0.0007098615169525146,396.6512566804886,59.75944371521473,7.721781730651855e-05
16,7.046021938323975,483.2276201248169,6.687641143798828e-05,45.96268701553345,292.8362776041031,0.00018209218978881836,100.78177946805954,222.09993839263916,9.745359420776367e-05,396.61712086200714,60.001441630069166,6.157159805297852e-05
17,7.053354024887085,483.24339389801025,6.330013275146484e-05,27.913167230784893,286.71887278556824,0.0001264810562133789,100.25394475460052,221.60183453559875,0.0001068115234375,396.5674169063568,60.035989820957184,5.906820297241211e-05
18,7.0411696434021,483.2431650161743,6.473064422607422e-05,27.220337331295013,287.28095388412476,0.00040090084075927734,100.1211472377181,221.54156351089478,0.00015586614608764648,396.5589394569397,59.94550656527281,5.3375959396362305e-05
19,7.0390849113464355,483.2050757408142,6.973743438720703e-05,45.63341820240021,293.24701714515686,0.00018513202667236328,3.1879947185516357,479.0760009288788,9.125471115112305e-05,396.5061265230179,59.99968796526082,5.620718002319336e-05
20,7.047890901565552,483.23683404922485,6.946921348571777e-05,26.91129779815674,287.77037620544434,0.00019657611846923828,3.1986032724380493,479.0918414592743,9.080767631530762e-05,0.34752583503723145,479.1143145561218,5.21242618560791e-05
21,7.069260835647583,483.29275131225586,6.473064422607422e-05,25.46852993965149,287.26703810691833,0.0003705024719238281,3.191851854324341,479.1297755241394,8.51750373840332e-05,0.30109739303588867,479.12967014312744,4.8488378524780273e-05
22,7.0617358684539795,483.2730302810669,6.648898124694824e-05,25.963002920150757,286.6232898235321,0.0001798570156097412,3.1957303881645203,479.1424934864044,8.618831634521484e-05,0.3164505958557129,479.1179795265198,4.902482032775879e-05
23,7.063342094421387,483.27505350112915,6.628036499023438e-05,26.051172256469727,287.0593078136444,0.0005202889442443848,3.1890628933906555,479.1421241760254,8.633732795715332e-05,396.5660576224327,59.79965031147003,6.35981559753418e-05
24,7.067667484283447,483.2783479690552,6.42538070678711e-05,48.48902225494385,293.98197984695435,0.0007074475288391113,3.1729626655578613,479.14928007125854,8.466839790344238e-05,0.2750508785247803,479.077974319458,4.780292510986328e-05
25,7.089504718780518,483.27201557159424,6.55055046081543e-05,48.82121992111206,293.91796243190765,0.002633124589920044,3.1700486540794373,479.1594076156616,8.720159530639648e-05,0.29128360748291016,479.0878129005432,4.979968070983887e-05
26,7.097739934921265,483.3297257423401,6.198883056640625e-05,48.367252826690674,293.7965178489685,0.0012140274047851562,3.133390247821808,479.22620129585266,8.225440979003906e-05,0.23030710220336914,479.09678769111633,4.57763671875e-05
27,7.09058952331543,483.33826446533203,5.9723854064941406e-05,47.428784132003784,293.48439371585846,0.0032531023025512695,3.126648962497711,479.2221477031708,8.094310760498047e-05,0.2233119010925293,479.09707903862,4.461407661437988e-05
28,7.0898237228393555,483.26185607910156,6.464123725891113e-05,47.19549560546875,293.3813910484314,0.015131503343582153,3.160539746284485,479.1906204223633,9.167194366455078e-05,0.2956826686859131,479.0829167366028,4.971027374267578e-05
29,7.216801404953003,483.27790355682373,6.517767906188965e-05,46.82248544692993,292.9496880173683,0.012284517288208008,3.0808539986610413,479.3024401664734,9.247660636901855e-05,0.3300659656524658,479.1487863063812,5.1528215408325195e-05
30,7.203775882720947,483.33240365982056,6.389617919921875e-05,46.36070418357849,293.1740725040436,0.019855976104736328,3.0534682869911194,479.248895406723,9.641051292419434e-05,0.36681222915649414,479.224613904953,5.4836273193359375e-05
31,7.131871700286865,483.0375895500183,8.371472358703613e-05,45.87513470649719,288.5786395072937,0.0030028223991394043,3.0913150310516357,479.04958486557007,0.0001214742660522461,0.7858374118804932,479.15518975257874,7.283687591552734e-05
32,7.17823338508606,482.84509086608887,0.00010061264038085938,47.928953886032104,287.63105940818787,0.017462104558944702,3.1700324416160583,478.95803666114807,0.0001443028450012207,94.11856985092163,109.34474623203278,0.0009828805923461914
33,7.158363103866577,482.87597274780273,0.00010657310485839844,46.673229694366455,285.66439867019653,0.023851364850997925,3.160888135433197,478.93687200546265,0.00015679001808166504,96.28672695159912,109.01737082004547,0.0014245212078094482
34,6.891378402709961,482.4764757156372,0.00024566054344177246,38.261383295059204,283.77260902523994,0.21611180901527405,3.3481297492980957,478.7978208065033,0.00026854872703552246,101.70632445812225,111.72035598754883,0.0051191747188568115
35,6.831376075744629,482.3766117095947,0.0002212226390838623,33.59615778923035,278.3601393699646,0.22804832458496094,3.2950838208198547,478.78038239479065,0.00024384260177612305,101.99073803424835,110.3194932937622,0.007435619831085205
36,7.001742601394653,482.51745414733887,0.00010776519775390625,33.763301849365234,276.78670316934586,0.03430399298667908,3.1749608516693115,479.0029082298279,0.00015461444854736328,0.7343266010284424,478.82612228393555,9.140372276306152e-05
37,5.271768093109131,286.5436358451843,7.176399230957031e-05,26.440506100654602,274.7283320426941,0.07033485174179077,2.14631724357605,125.2052435874939,0.0010232627391815186,101.7604010105133,113.06436014175415,0.0005715489387512207
38,1.9921748638153076,270.5693860054016,8.422136306762695e-05,10.253063201904297,269.7827011346817,0.005363941192626953,62.47317934036255,61.60759663581848,0.0006894469261169434,87.3801498413086,110.74084329605103,0.00019124150276184082
39,60.57611447572708,60.5265377163887,0.00012925267219543457,8.654786109924316,268.9310744404793,0.0040229856967926025,59.418609619140625,60.338463306427,0.003160834312438965,85.58178699016571,107.99451507162303,0.00024268031120300293
40,59.24394363164902,60.40351611375809,0.0004318058490753174,7.451372385025024,268.69811022281647,0.0006635189056396484,56.83306169509888,59.52070042490959,0.005574017763137817,61.906899213790894,57.85052847862244,0.0003242790699005127
41,57.702629804611206,61.0308678150177,0.0003312230110168457,54.97677516937256,59.749945878982544,0.0002721250057220459,53.591371059417725,61.34079432487488,0.005501806735992432,96.50720643997192,110.59125256538391,0.003498852252960205
42,56.73467659950256,59.79583515226841,0.00026801228523254395,53.41689729690552,59.46061962842941,0.00023427605628967285,52.23321732878685,60.465676844120026,0.011730343103408813,91.94221862778068,110.59491324424744,0.0004531741142272949
43,55.69593381881714,60.69344425201416,0.00011220574378967285,52.9559121131897,59.564904898405075,8.171796798706055e-05,51.42458099126816,60.464439392089844,0.0026107430458068848,82.81050229072571,108.72866344451904,0.0004893243312835693
44,47.51940107345581,63.590954542160034,8.13901424407959e-05,468.17289116978645,418.9549289941788,0.0016850531101226807,50.922561049461365,61.64815080165863,0.0009164512157440186,84.93837434053421,106.7211754322052,0.004514425992965698
45,36.32801532745361,82.85026597976685,0.0001309514045715332,471.630469083786,401.3514699935913,0.0046536922454833984,470.9672300815582,397.00263500213623,0.0011335313320159912,497.7831950187683,398.8960521221161,0.009085685014724731
46,36.5837516784668,82.43086099624634,0.00025284290313720703,471.5372431278229,401.13807368278503,0.003267616033554077,470.94158840179443,396.7905452847481,0.0013277530670166016,497.77669501304626,399.01640820503235,0.009621292352676392
47,37.01371192932129,81.56254625320435,0.00043717026710510254,357.6900887489319,412.6722313761711,0.43464726209640503,587.4864329099655,381.64095747470856,0.0007529854774475098,80.75528478622437,110.85092449188232,0.001957148313522339
48,360.6200489997864,409.7613480091095,0.00037291646003723145,358.43102073669434,405.15814900398254,0.9997901916503906,363.2003212571144,407.8204069137573,0.00039568543434143066,362.10406959056854,393.2395055294037,0.0004768669605255127
49,359.50135374069214,394.77586710453033,0.0006226599216461182,358.78642082214355,399.4813160896301,0.9992389678955078,355.8811225891113,395.703568816185,0.001194775104522705,519.4500041007996,311.1771457195282,0.012819141149520874
50,70.7619514465332,291.9601002968848,0.0018120110034942627,359.08528566360474,390.05784130096436,0.999384880065918,473.9766535758972,326.504029750824,0.011380106210708618,513.424204826355,296.77130913734436,0.9601993560791016
51,68.50118088722229,292.09420435130596,0.15621238946914673,364.4592052102089,383.9319009780884,0.9983478784561157,471.1505880355835,315.1964454650879,0.7540992498397827,513.9843888282776,284.63450533151627,0.9990402460098267
52,67.80756661295891,291.5303154885769,0.047758251428604126,362.3726328611374,375.71423864364624,0.9986901879310608,489.4678180217743,281.0743842124939,0.8527387380599976,504.6250364780426,272.9870774745941,0.9859989285469055
53,361.76401376724243,377.3983745574951,0.004149436950683594,357.82014667987823,372.68306839466095,0.9993371963500977,457.6469078063965,295.7561688423157,0.7405335903167725,496.46674394607544,260.8925405740738,0.9961103200912476
54,348.9967796802521,364.50731921195984,0.0018581748008728027,351.6117706298828,369.37380743026733,0.992580235004425,470.8196702003479,269.5143095254898,0.2735309600830078,485.0168733596802,252.79730302095413,0.9771771430969238
55,60.073062151670456,283.75534054636955,0.036613136529922485,349.7214891910553,366.40080642700195,0.9978256225585938,464.31834983825684,262.28157448768616,0.478233277797699,479.4418077468872,244.1507140547037,0.9946111440658569
56,54.03082346916199,284.0787618905306,0.01967683434486389,346.2397001981735,363.5238646864891,0.99876868724823,434.25698125362396,273.89858961105347,0.20400002598762512,471.14603185653687,242.52427756786346,0.9688165187835693
57,54.116251945495605,284.43381693959236,0.012799829244613647,346.33711636066437,363.42353999614716,0.9989337921142578,463.0007450580597,251.88779895752668,0.1955748200416565,471.40705823898315,242.27933955192566,0.9671359062194824
58,50.59024977684021,279.84316325187683,0.004625290632247925,342.3353533744812,359.8272376060486,0.9897948503494263,450.3672811985016,252.6531543135643,0.19537830352783203,465.09672832489014,238.01543641090393,0.9759416580200195
59,446.0494303703308,248.7706699371338,0.0006232857704162598,336.9437880516052,356.90034598112106,0.9979875087738037,421.68959164619446,264.6930389404297,0.8682063221931458,460.2093111127615,232.51694774627686,0.4946625232696533
60,412.69387459754944,265.4207515716553,0.0016578435897827148,330.6749839782715,351.75065326690674,0.937545657157898,408.4422335624695,261.3145320415497,0.9998846650123596,450.5562263727188,221.84668111801147,0.9293171763420105
61,329.2552740573883,347.54077380895615,0.0028271377086639404,328.4780623912811,350.06131076812744,0.968706488609314,403.47361677885056,257.5791015625,0.9999333024024963,445.55020344257355,220.24922202527523,0.9866994619369507
62,442.43049454689026,218.74277007579803,0.001506030559539795,326.3949601650238,349.9154917001724,0.9221745729446411,399.7432589530945,257.142840385437,0.996630072593689,443.3625537157059,219.29784488677979,0.9823048114776611
63,442.1933958530426,219.2077471613884,0.0012011528015136719,323.3785868883133,349.14058089256287,0.4372389614582062,399.8759889602661,257.2316384315491,0.9852488040924072,441.1574399471283,216.7038118839264,0.9385151863098145
64,399.32141304016113,252.64510148763657,0.0008526444435119629,322.9084268808365,347.82665249705315,0.6474505662918091,398.2661135196686,258.3516126871109,0.992790937423706,440.36936473846436,217.1554479598999,0.7483274936676025
65,398.5979940891266,265.4633207321167,0.0009360909461975098,322.3050104379654,348.33722499012947,0.3448812961578369,397.93712389469147,259.23216128349304,0.9969741106033325,439.89150500297546,218.2414891719818,0.7937638759613037
66,399.4679870605469,266.19353330135345,0.0010173320770263672,321.45702624320984,349.73404908180237,0.7215062379837036,399.2438955307007,262.34641218185425,0.9937962293624878,439.0817246437073,220.47929599881172,0.8125612139701843
67,317.11630499362946,350.13562083244324,0.0007422864437103271,320.337562084198,352.31262016296387,0.7020761966705322,400.3780035972595,266.90209460258484,0.9715906381607056,439.0204162597656,227.7190259695053,0.523554265499115
68,317.3301235437393,350.12853264808655,0.0007914900779724121,320.6291027069092,352.1180624961853,0.7109220623970032,400.33551359176636,266.82837307453156,0.9742250442504883,438.0626039505005,227.9508092701435,0.46711015701293945
69,314.9291298389435,349.56482446193695,0.0016637146472930908,317.460631608963,354.99461710453033,0.9798123240470886,402.79781103134155,268.38357785344124,0.9660145044326782,442.5883266925812,237.4921896457672,0.7319638729095459
70,314.88695752620697,361.24774146080017,0.0025683939456939697,314.5532056093216,357.7818306684494,0.9910738468170166,404.1353414207697,274.8893163204193,0.6283808946609497,448.50002789497375,237.94491565227509,0.5823729634284973
71,315.89542166143656,361.8892934322357,0.0037137866020202637,318.4674892425537,359.1781973838806,0.9895360469818115,432.08077907562256,257.5327682495117,0.00493699312210083,452.57210129499435,239.87536525726318,0.9903454184532166
72,315.3815202116966,362.55982303619385,0.006661564111709595,316.8653732538223,365.0011240243912,0.996419370174408,314.05768489837646,363.30635446310043,0.013193845748901367,458.642337679863,254.88702702522278,0.9755896329879761
73,314.7594497203827,363.5089859366417,0.0063416361808776855,314.7618799209595,369.67138051986694,0.9996001720428467,313.39017057418823,365.91220450401306,0.007982015609741211,460.4806050658226,261.6357088088989,0.4245556592941284
74,314.1607052087784,364.96739196777344,0.004366874694824219,313.28902292251587,372.23996536433697,0.9992539882659912,405.3007570505142,310.70922899246216,0.08763271570205688,456.92306208610535,273.2252929210663,0.01368740200996399
75,313.7088418006897,374.109046459198,0.002792954444885254,311.20869970321655,377.76747155189514,0.9993000030517578,315.64643862843513,373.05354833602905,0.007132887840270996,459.14951288700104,283.5304688811302,0.006317734718322754
76,300.5563264489174,379.2458253502846,0.001297593116760254,305.0474019050598,381.9066689014435,0.9996612071990967,404.11330864578485,325.1103310585022,0.033184170722961426,298.6777814626694,376.9999985694885,0.0015801191329956055
77,300.4090837240219,393.8059470653534,0.000700145959854126,304.550585269928,386.8388214111328,0.9996973276138306,404.50913709402084,335.175785779953,0.09584620594978333,440.4168908596039,321.6584270000458,0.0024671554565429688
78,300.68247908353806,393.96995854377747,0.0007725358009338379,305.0733335018158,386.8568025827408,0.999868631362915,403.89844340085983,334.9350790977478,0.0971958339214325,440.6304018497467,321.48845505714417,0.003077983856201172
79,300.92718321084976,389.83595728874207,0.0007062554359436035,306.08329486846924,391.33978366851807,0.999774694442749,405.08322405815125,341.3931927680969,0.705597996711731,435.9865568326786,331.84286610782146,0.18384897708892822
80,299.63093104958534,394.76590073108673,0.0007418394088745117,303.39921617507935,399.4681978225708,0.9984285831451416,405.4257823228836,350.7540843486786,0.9853196740150452,438.7586874961853,339.69944390654564,0.19680720567703247
81,409.97453355789185,347.7960907071829,0.0004222691059112549,301.41010105609894,404.30601409077644,0.9997323751449585,403.3719760775566,355.5213586986065,0.904178261756897,447.26734948158264,354.2180631160736,0.08803591132164001
82,455.68080139160156,367.5751049518585,0.00019630789756774902,302.84292221069336,404.8681250810623,0.9884107112884521,406.1920874118805,364.9557126760483,0.09923353791236877,438.60820508003235,363.9828027654439,0.21163076162338257
83,409.96473264694214,363.49821549654007,0.00041371583938598633,299.3582881093025,404.4044192433357,0.9927575588226318,404.73594546318054,371.3986358642578,0.9437481164932251,435.82994547486305,366.89547896385193,0.5872745513916016
84,407.170547246933,357.2184121608734,0.0004546046257019043,302.4998598098755,404.93049865961075,0.9961738586425781,404.0534844696522,362.31005215644836,0.8107014298439026,432.83491945266724,356.3109695315361,0.18491607904434204
85,440.2942261695862,350.4930021762848,0.0013623237609863281,298.8288815021515,403.9616584740579,0.9999473690986633,401.86112689971924,354.1935428380966,0.9922834634780884,433.3395438194275,349.68737959861755,0.9986217021942139
86,298.0810933113098,395.5302835404873,0.0007923543453216553,299.3180647492409,402.0389837026596,0.9997479915618896,401.50609016418457,348.86068230867386,0.9226512312889099,428.78997164964676,337.25439500808716,0.9712790250778198
87,440.45960545539856,333.0804191827774,0.00278395414352417,298.72922122478485,394.003089427948,0.9992449283599854,397.670489192009,337.54347562789917,0.995186448097229,429.6749131679535,330.1991938352585,0.9440770149230957
88,298.6801323890686,393.44653487205505,0.003483980894088745,299.5015227794647,389.0468615293503,0.9998970031738281,395.185998916626,330.76771891117096,0.7236086130142212,420.78589767217636,317.4760994911194,0.04840642213821411
89,298.6048618555069,393.46252489089966,0.0033733248710632324,299.5339401066303,389.23130559921265,0.9999292492866516,399.67247247695923,330.0480856895447,0.4594498574733734,420.36189275979996,317.4204435348511,0.011567950248718262
90,298.3492729663849,378.836088180542,0.00332680344581604,299.6077837944031,382.89405250549316,0.9992105960845947,399.54037070274353,319.31468319892883,0.9581226110458374,414.1388008594513,301.1885099411011,0.020086973905563354
91,299.8302955329418,373.58158111572266,0.004535764455795288,302.65222930908203,375.4652442932129,0.9995678663253784,389.61868166923523,311.86017656326294,0.9928918480873108,429.60534405708313,282.38248562812805,0.01076766848564148
92,298.5023808479309,363.3388602733612,0.004450619220733643,299.4702758193016,370.23616421222687,0.9997443556785583,400.62681436538696,302.28658294677734,0.008314579725265503,435.35371309518814,262.3640661239624,0.005854666233062744
93,299.1784328818321,362.5646915435791,0.006958127021789551,300.492967993021,363.8673061132431,0.9962399005889893,302.027113199234,362.1776090860367,0.007743358612060547,433.41959595680237,250.85779774188995,0.18323495984077454
94,299.05352079868317,362.395511507988,0.0013298392295837402,300.21043533086777,359.35938811302185,0.9873455762863159,389.5223231315613,284.2962928712368,0.07625964283943176,425.722562789917,244.8913888335228,0.0037071704864501953
95,298.43159997463226,348.9962613582611,0.0022251904010772705,300.7170779109001,355.2655962705612,0.9986900091171265,355.2400084733963,298.6351308822632,0.010095417499542236,298.9123239517212,346.7369786500931,0.0029318630695343018
96,299.29246240854263,347.26212096214294,0.005513995885848999,302.3740644454956,346.45638501644135,0.9953441619873047,373.27907609939575,259.87950693815947,0.08011496067047119,299.2278561592102,345.299831867218,0.006226062774658203
97,300.1339276134968,345.7160303592682,0.0024512112140655518,303.0310769081116,339.9436273127794,0.9960722923278809,305.3772702217102,341.0435835123062,0.005429595708847046,299.59884706139565,330.8369892835617,0.0030426084995269775
98,298.33733665943146,332.6770042181015,0.00316813588142395,301.2807881832123,336.8534655570984,0.9884204268455505,298.45936918258667,338.19474029541016,0.018399447202682495,299.632292509079,330.5759139060974,0.003237813711166382
99,298.7177619934082,332.04124757274985,0.004086971282958984,301.10458290576935,336.49792313575745,0.991370677947998,301.8540925979614,333.47514164447784,0.014175266027450562,299.22070920467377,330.3071485757828,0.003958374261856079
100,298.83132100105286,331.9497142918408,0.004128485918045044,301.44000816345215,336.1288900375366,0.9911026954650879,301.84701204299927,333.0720611810684,0.012185603380203247,299.2442066669464,330.25254130363464,0.003948479890823364
101,299.34462672472,331.062103331089,0.00560334324836731,301.2742358446121,332.75305140018463,0.9968798756599426,302.4646191596985,331.6876358091831,0.01193159818649292,298.7583039999008,329.60945987701416,0.005677670240402222
102,299.0487402677536,330.87954699993134,0.005181223154067993,301.72843766212463,330.3777505159378,0.9964350461959839,303.07060408592224,331.1642853617668,0.012391328811645508,379.6366702616215,208.85834169387817,0.01333242654800415
103,299.0734210014343,330.86907410621643,0.00543135404586792,302.34534645080566,328.89188027381897,0.9953158497810364,300.25053691864014,330.37411057949066,0.010324209928512573,299.51339307427406,328.6622562408447,0.006669729948043823
104,298.9468991756439,330.6031357049942,0.00451350212097168,301.1433175802231,329.1710729598999,0.9957726001739502,299.19264221191406,329.951406955719,0.007198125123977661,376.13704562187195,209.21222138404846,0.0193537175655365
105,299.03389596939087,330.26032996177673,0.004329502582550049,300.94969540834427,328.6108183860779,0.9929269552230835,302.6197247505188,329.05535340309143,0.00602114200592041,378.03408348560333,208.214129447937,0.01001209020614624
106,299.0450729727745,330.04396772384644,0.005586683750152588,301.4667202234268,327.7072834968567,0.9949163794517517,298.3840160369873,324.77409982681274,0.012249112129211426,300.425016194582,328.58434414863586,0.0063939690589904785
107,299.9541964158416,315.8362699598074,0.0072567760944366455,304.858496427536,319.5094242095947,0.9948004484176636,303.2185502052307,316.10758954286575,0.03794708847999573,299.46931952238083,314.0222158432007,0.007532358169555664
108,299.66072875261307,315.420860350132,0.006700664758682251,303.74906158447266,316.69618886709213,0.9973609447479248,303.1580584049225,315.3479962348938,0.009837090969085693,299.02490270137787,313.39655685424805,0.007444322109222412
109,313.0922863483429,314.6280320882797,0.004258185625076294,310.11406326293945,316.32155352830887,0.9998070001602173,305.5314335823059,315.2650668025017,0.005679041147232056,314.19711554050446,312.8678889274597,0.005339145660400391
110,313.2809348106384,314.6283552646637,0.004588037729263306,310.3701732158661,316.06073619797826,0.9998072385787964,305.8790168762207,315.1437055468559,0.005809277296066284,314.2792316675186,312.97243070602417,0.005717366933822632
111,314.2439796924591,314.37031972408295,0.0055152177810668945,313.3145031929016,314.5487627983093,0.9990453720092773,317.2805291414261,314.3052953481674,0.006562292575836182,315.0126288533211,313.2242364883423,0.006507366895675659
112,315.6683579981327,308.7273641228676,0.0050199031829833984,317.97481548786163,309.78189194202423,0.9987801313400269,315.69235467910767,307.4932275414467,0.008626669645309448,316.79652750492096,298.89135241508484,0.015781164169311523
113,316.1049995496869,300.1979439854622,0.008184492588043213,321.7398908138275,304.9642126560211,0.9991885423660278,319.6216404438019,301.02874541282654,0.022865116596221924,315.8424493819475,298.10255885124207,0.01233142614364624
114,328.8542675971985,298.99556839466095,0.004232436418533325,325.77510261535645,298.9653766155243,0.9996066689491272,326.9413990974426,298.20062696933746,0.01036176085472107,330.86115992069244,297.0584771633148,0.005254507064819336
115,330.4146925210953,297.58773922920227,0.003100782632827759,332.71849489212036,293.72308111190796,0.9995771050453186,330.83048582077026,291.8568897098303,0.006336122751235962,331.94975282251835,281.9765136241913,0.005838066339492798
116,331.108136177063,283.9965729943942,0.00512850284576416,332.82630974054337,288.88808965682983,0.9982336759567261,334.56722259521484,284.83101361989975,0.00597873330116272,331.323175907135,282.3092406988144,0.007381409406661987
117,331.4892507791519,282.37952840328217,0.004298657178878784,336.7043488025665,280.76625967025757,0.999109148979187,337.7002444267273,278.207959651947,0.011214107275009155,331.58417442440987,280.1378207206726,0.0052787065505981445
118,333.87929904460907,268.10419454425573,0.004847586154937744,340.1523436009884,268.07466204464436,0.9996364116668701,338.524884223938,267.05963158607483,0.018732964992523193,331.7648592889309,265.42886686325073,0.0060752928256988525
119,343.3834614753723,251.619394749403,0.0033995509147644043,341.7360694408417,259.8789801225066,0.9996477365493774,342.0309920310974,259.1108886003494,0.029688239097595215,346.6799547672272,249.6683750152588,0.007049262523651123
120,345.15447902679443,250.73192083835602,0.0036325454711914062,342.2410967350006,255.83179426193237,0.9994735717773438,340.0718774795532,253.20752465724945,0.00576445460319519,346.35427021980286,249.0397012233734,0.004663735628128052
121,346.6698852777481,250.77043879032135,0.005327314138412476,347.5326072871685,252.36439308524132,0.9990662336349487,345.9012641906738,252.12505626678467,0.006455034017562866,346.5416486263275,249.00148177146912,0.005702584981918335
122,346.9893865585327,250.55157506465912,0.003491640090942383,350.2874689102173,249.14803051948547,0.9994189739227295,351.49027466773987,250.24980127811432,0.004775106906890869,347.052776992321,248.33987188339233,0.004091769456863403
123,346.7394553422928,250.0936553478241,0.003026515245437622,348.81239837408066,248.97024631500244,0.99848473072052,351.03253865242004,249.4645483493805,0.004603296518325806,347.30082738399506,248.2029731273651,0.003795832395553589
124,346.7094475030899,249.80329990386963,0.0024608969688415527,349.2091872692108,249.35488557815552,0.9981467127799988,350.92005825042725,249.1423373222351,0.003908395767211914,347.5075022280216,247.827290058136,0.0033697187900543213
125,347.2534536123276,249.7879617214203,0.0029110610485076904,351.60432958602905,248.14189291000366,0.9995533227920532,433.81160020828247,171.24681341648102,0.023861408233642578,348.2897146344185,234.84816801548004,0.005614578723907471
126,347.44439285993576,250.90890896320343,0.003030151128768921,351.46061992645264,249.89717268943787,0.9988837838172913,434.64395344257355,169.5210189819336,0.5473237633705139,347.61195409297943,248.1790542602539,0.003626406192779541
127,347.3422734737396,251.5090482532978,0.004233211278915405,350.9179449081421,253.38215613365173,0.9995886087417603,435.61373510956764,169.52770280838013,0.7048406600952148,346.709720492363,248.9126591682434,0.004581242799758911
128,346.25845289230347,252.93160980939865,0.002925574779510498,347.474436044693,256.60802960395813,0.9977303743362427,433.57964038848877,178.82827377319336,0.594720184803009,465.84574818611145,146.01097166538239,0.003459542989730835
129,346.5945234298706,265.4424693584442,0.0021366775035858154,347.41686207056046,258.8125879764557,0.9992371797561646,431.14393854141235,180.88668376207352,0.8007595539093018,468.1897419989109,145.9583010673523,0.022672206163406372
130,345.5143232345581,265.7102777957916,0.002199828624725342,343.66658544540405,261.75085520744324,0.9980391263961792,348.1905175000429,262.69142293930054,0.0041734278202056885,348.48080921173096,263.6316738128662,0.002440333366394043
131,344.6084072589874,266.1181106567383,0.002126842737197876,341.83675396442413,262.52893328666687,0.9994871616363525,434.03663778305054,184.21693754196167,0.12053382396697998,347.4451757669449,263.93611431121826,0.002656280994415283
132,345.09863018989563,266.14210546016693,0.002101689577102661,343.5842454433441,264.2150573730469,0.9989471435546875,431.70923590660095,185.17035007476807,0.5978960394859314,346.600759267807,263.89846754074097,0.0024960339069366455
133,344.95304560661316,266.12939167022705,0.0022807419300079346,342.41842794418335,264.3626673221588,0.9996738433837891,430.4973096847534,187.88039410114288,0.8678731918334961,346.156893491745,263.6823091506958,0.003522634506225586
134,334.0603060722351,267.7566203325987,0.0014481842517852783,342.70904326438904,265.6331741809845,0.9983971118927002,433.2643253803253,193.24565482139587,0.0057666003704071045,331.8591201901436,264.069477558136,0.0019835829734802246
135,330.64577853679657,268.2810513973236,0.0007341206073760986,337.65679907798767,270.9302201271057,0.89512038230896,332.34386563301086,272.75894808769226,0.000975877046585083,332.9883093237877,264.0319571495056,0.0009951591491699219
136,330.31568145751953,281.80409932136536,0.000844806432723999,325.4939408302307,273.70742678642273,0.9956688284873962,432.50667428970337,211.56785181164742,0.03365623950958252,335.3983750343323,279.2420902252197,0.0010298192501068115
137,330.2779289484024,282.1937108039856,0.0004462301731109619,324.58096796274185,276.99138206243515,0.7855306267738342,432.11517429351807,220.7013899087906,0.2598809599876404,450.1230220794678,207.77166271209717,0.0015337169170379639
138,432.43681049346924,235.00541347265244,0.0001087188720703125,315.69837749004364,280.91452193260193,0.44864752888679504,429.2942570447922,230.1842861175537,0.31612855195999146,452.16461627185345,216.25951480865479,0.026430219411849976
139,6.722224712371826,481.86564207077026,7.340312004089355e-05,323.89836221188307,280.7433919906616,0.26982778310775757,430.68083786964417,240.8752303123474,0.004097670316696167,453.38442051410675,230.9408802986145,0.0012693405151367188
140,434.86120772361755,253.01263403892517,0.00021922588348388672,349.87150049209595,278.28277349472046,0.0916363000869751,418.1290191411972,244.02634636871517,0.9630329608917236,451.2987371683121,239.7477355003357,0.9726433753967285
141,416.1208505630493,251.66637668013573,0.0009940862655639648,304.5632884502411,293.53041911125183,0.035156041383743286,416.82333421707153,251.8250912129879,0.9914125204086304,451.18721139431,248.7377574443817,0.9695600271224976
142,414.6555895805359,252.32284611463547,0.0029239654541015625,310.322372674942,294.42103481292725,0.2416742444038391,416.2187166213989,255.31368589401245,0.988784909248352,448.81215715408325,251.50390827655792,0.9879356026649475
143,413.9936316013336,252.78178054094315,0.0026443004608154297,318.9418725967407,295.2968258857727,0.9954391717910767,415.0793821811676,256.642822265625,0.9885003566741943,448.36208724975586,252.4965347647667,0.9936124086380005
144,413.5804543495178,252.4730898141861,0.00442996621131897,318.90817070007324,296.25686526298523,0.999432384967804,414.14103507995605,256.43931818008423,0.9944043159484863,449.72256875038147,252.51730728149414,0.9890011548995972
145,414.0787193775177,252.37218716740608,0.00318068265914917,317.53026926517487,297.4250922203064,0.9984626173973083,414.9303479194641,255.1587736606598,0.9921621680259705,449.185177564621,250.10413074493408,0.9157301187515259
146,414.3242383003235,252.6627498269081,0.0024262070655822754,315.86417958140373,297.34830927848816,0.9986623525619507,414.78393387794495,255.20762491226196,0.9893723130226135,449.3952856063843,249.47313737869263,0.9135842323303223
147,314.63543152809143,298.11008298397064,0.002306222915649414,315.9328975453973,297.8852541446686,0.9985417127609253,416.4612102508545,253.36160838603973,0.9902337789535522,442.44128227233887,242.2166541814804,0.3499850630760193
148,315.00892329216003,298.2409611940384,0.0020741820335388184,317.7129342556,297.67230582237244,0.9987221956253052,417.6100764274597,251.81973284482956,0.9701853394508362,442.4654440879822,239.06168413162231,0.5584799647331238
149,427.5428075790405,250.37068390846252,0.002403765916824341,320.44177174568176,296.97899532318115,0.9997300505638123,420.7391397356987,246.6437132358551,0.9806471467018127,448.5878973007202,231.07646989822388,0.02133965492248535
150,315.62188988924026,298.73227751255035,0.0018582642078399658,321.1459195613861,298.1058576107025,0.9998182058334351,421.22205126285553,241.0902235507965,0.997076153755188,432.843936920166,233.28546047210693,0.005229204893112183
151,316.56646233797073,299.3998181819916,0.0013727247714996338,324.8361799120903,298.15153539180756,0.9999704957008362,420.9102038741112,234.35675966739655,0.9315336346626282,329.6102855205536,295.72503328323364,0.00213468074798584
152,426.8016301393509,221.83645021915436,0.00479048490524292,324.963616669178,298.2734488248825,0.9999549388885498,421.2561432123184,229.53677427768707,0.9933373928070068,447.9508559703827,186.46828353405,0.0650387704372406
153,414.54135179519653,222.69404673576355,0.00543367862701416,329.0779616832733,295.77640295028687,0.9998071193695068,416.5952904224396,227.36997717618942,0.9987846612930298,445.1813997030258,181.97898423671722,0.11847174167633057
154,414.68061685562134,219.88793651014566,0.008690416812896729,327.5317404270172,296.2843589782715,0.9997634887695312,413.79367327690125,222.23274993896484,0.9934506416320801,442.189644575119,179.5105940401554,0.44868335127830505
155,412.55664652585983,220.12058341503143,0.008383184671401978,327.3196086883545,293.970738530159,0.9995856285095215,406.8383774757385,222.02349543571472,0.9996903538703918,439.038494348526,185.4191129207611,0.6026521921157837
156,329.55956053733826,284.2796906530857,0.00542837381362915,327.00877475738525,290.4721385240555,0.9998000860214233,404.79420095682144,216.41466569900513,0.9992099404335022,439.95214676856995,184.94108176231384,0.9994120001792908
157,400.05716943740845,218.44673871994019,0.0013315975666046143,327.41429805755615,284.67039692401886,0.985757052898407,402.2121002674103,213.62264037132263,0.9984830021858215,441.79907846450806,181.11504113674164,0.9993776082992554
158,330.57698249816895,282.19073140621185,0.0024594366550445557,326.67262840270996,281.67239356040955,0.8725821375846863,400.6020202636719,212.91646283864975,0.981540858745575,435.899857416749,185.25612950325012,0.8315361142158508
159,330.55251359939575,282.3815710544586,0.0012203454971313477,325.45022678375244,279.9501609802246,0.26174771785736084,400.45264053344727,211.7501266002655,0.930845320224762,436.0508723035455,185.04612517356873,0.7847487926483154
160,330.2058171033859,282.7794517278671,0.0007655620574951172,325.65453374385834,278.04293942451477,0.24877998232841492,400.4323136806488,212.10696894675493,0.9182765483856201,435.1979397535324,184.10688638687134,0.295819491147995
161,330.3903886079788,282.3084372282028,0.0009984374046325684,326.26832032203674,276.705812394619,0.4028053283691406,401.17994356155396,212.63508224487305,0.40045127272605896,437.06577122211456,185.33846616744995,0.841965913772583
162,331.9932423615828,282.9924451112747,0.000405728816986084,331.06163227558136,274.9559042453766,0.06488290429115295,402.0176291465759,212.37966811656952,0.6810253858566284,437.0824205875397,187.81451769173145,0.9263672828674316
163,442.4910488128662,189.69187533855438,0.0004057586193084717,325.09057080745697,274.27060902118683,0.003956049680709839,402.2886823415756,213.28191435337067,0.494334876537323,437.20950055122375,189.09134793281555,0.9810384511947632
164,441.3747420310974,190.3914520740509,0.0008710622787475586,323.51065000891685,273.7877492904663,0.023794949054718018,402.83803820610046,214.70879459381104,0.9549750685691833,438.8225328922272,190.99470138549805,0.9779214859008789
165,401.20880222320557,220.83236926794052,0.00026723742485046387,323.5663112401962,273.92762517929077,0.007412374019622803,404.0379685945809,216.08320236206055,0.5963287353515625,438.40364050865173,194.16032445430756,0.8142025470733643
166,442.8583542108536,207.4850652217865,0.00040093064308166504,325.1534036397934,273.220899105072,0.028263837099075317,407.2769093513489,219.72062966227531,0.2574126422405243,437.4663863182068,198.98443269729614,0.9117767810821533
167,441.7314422130585,207.15974307060242,0.0003307163715362549,324.91635900735855,274.34342324733734,0.006102710962295532,407.02827525138855,222.73183012008667,0.047414809465408325,436.75212371349335,202.46237313747406,0.9661134481430054
168,442.34315848350525,219.63403579592705,0.00033462047576904297,322.8142468929291,274.5709502696991,0.09889551997184753,406.19912672042847,223.99802088737488,0.8170632123947144,437.3273150920868,204.67926520109177,0.8912302851676941
169,442.25575518608093,212.96364045143127,0.0005120038986206055,322.4584436416626,275.0709881782532,0.17029854655265808,405.1783595085144,224.2753620147705,0.9026423096656799,437.8412946462631,204.1667179018259,0.9903318881988525
170,442.6571800708771,219.23743480443954,0.0005297660827636719,317.14927768707275,276.6703300476074,0.005780428647994995,401.55958318710327,224.7248773574829,0.9630528688430786,438.0569784641266,205.0033187866211,0.9567168951034546
171,442.4495587348938,218.91381812095642,0.000506669282913208,259.421617269516,309.11950635910034,0.008455812931060791,402.04977798461914,224.7300887107849,0.9165738821029663,436.7740539908409,205.32234919071198,0.9725856781005859
172,442.64149713516235,213.04156136512756,0.0002480745315551758,325.1100939512253,275.63328245282173,0.004373699426651001,404.02228612080216,224.25668096542358,0.6814817190170288,436.3760911822319,203.18721628189087,0.9839324951171875
173,298.82562839984894,286.0075452327728,0.0003364682197570801,258.849613070488,310.0226936340332,0.005233794450759888,405.31400203704834,221.73460614681244,0.042540669441223145,437.51750886440277,198.33957529067993,0.8334107995033264
174,297.8825161457062,286.57666635513306,0.00021478533744812012,442.53066527843475,208.66847324371338,0.0036559104919433594,403.31748551130295,218.39893507957458,0.020805656909942627,439.47792196273804,193.98885822296143,0.6650770306587219
175,298.3325426578522,286.1887617111206,0.00022855401039123535,338.57925367355347,274.3727512359619,0.0015314221382141113,110.16942191123962,329.4386920928955,0.002789407968521118,435.6330079138279,190.99745225906372,0.0052554309368133545
176,331.6621705889702,282.0598851442337,0.000266343355178833,332.301903963089,277.10651326179504,0.318747341632843,396.45234590768814,213.3344031572342,0.0005721151828765869,435.36107724905014,187.74440449476242,0.021661370992660522
177,330.0501753091812,282.4186564683914,0.00022965669631958008,328.4433693885803,279.30455327033997,0.19675332307815552,110.91306591033936,328.37367820739746,0.000272899866104126,428.7611092925072,184.1974275112152,0.0009794831275939941
178,329.49730706214905,282.39848017692566,0.000498652458190918,325.35809445381165,280.46249508857727,0.5670825242996216,110.93862318992615,328.85752034187317,0.007362961769104004,331.05095732212067,280.17013692855835,0.0004973411560058594
179,317.6724146604538,284.78988832235336,0.000594019889831543,324.1786785572767,281.8293652534485,0.8920291662216187,111.15636587142944,328.3068506717682,0.01833590865135193,313.0734009742737,281.74115085601807,0.0007585585117340088
180,318.30459570884705,282.7462306022644,0.0015141069889068604,324.5433031320572,280.649365901947,0.9466273188591003,320.8418312072754,278.1704616546631,0.028640031814575195,315.108469247818,282.06679904460907,0.0012677013874053955
181,329.2990458011627,282.3320857286453,0.0010974705219268799,323.64915776252747,277.8273459672928,0.9971333146095276,321.8134045600891,277.03197288513184,0.031218141317367554,315.2126998901367,281.32066559791565,0.0011639595031738281
182,329.5614848136902,282.4509369134903,0.0010342001914978027,322.74911987781525,277.26775455474854,0.9896745681762695,321.15499353408813,276.6139497756958,0.02183505892753601,393.57575511932373,154.28994715213776,0.01338350772857666
183,316.3922728598118,282.01873660087585,0.0006856620311737061,321.2804341316223,275.3846109509468,0.5331555604934692,318.4540903568268,275.0769395828247,0.007705122232437134,288.8262526988983,283.7913179844618,0.002549976110458374
184,317.7404189109802,281.5889039039612,0.0021813809871673584,322.3720963001251,272.84074544906616,0.8460193276405334,322.99337899684906,274.0447019338608,0.008350670337677002,387.7725646048784,146.3312202692032,0.036042362451553345
185,317.2223390340805,281.39503931999207,0.0032727420330047607,321.4421000480652,273.42167043685913,0.9419838786125183,319.2377667427063,273.2011716365814,0.014570742845535278,387.05801606178284,144.44776821136475,0.01563093066215515
186,316.6194200515747,281.6376202106476,0.002832174301147461,320.3381698131561,274.27036356925964,0.6074165105819702,317.863795876503,273.57344007492065,0.021974772214889526,387.1341347694397,145.70670223236084,0.027356833219528198
187,316.11138892173767,281.54740834236145,0.0017974674701690674,316.41798827052116,273.80374813079834,0.5008331537246704,317.3729419708252,273.4280843734741,0.021800130605697632,387.95725651085377,146.83833003044128,0.040933698415756226
188,316.79979890584946,281.81396222114563,0.0029390454292297363,320.2533779144287,273.93104672431946,0.7753070592880249,316.93380433321,275.87891483306885,0.0037976205348968506,388.1465197503567,146.65485978126526,0.009245365858078003
189,316.78216165304184,281.7466685771942,0.004369258880615234,317.2425866127014,274.1141095161438,0.7464352250099182,316.6737326979637,275.99412631988525,0.005743473768234253,388.064673922956,145.71718168258667,0.09133628010749817
190,316.3899395465851,281.7359297275543,0.0023651123046875,316.60165160894394,274.89924705028534,0.6456234455108643,311.4161214828491,276.7093505859375,0.004282265901565552,390.2293815612793,147.27452963590622,0.054289788007736206
191,315.1244712471962,282.39564752578735,0.0011459589004516602,314.2522188425064,276.0503676570952,0.1648537814617157,309.49960255622864,276.7304286956787,0.005413919687271118,391.85746216773987,148.5884628891945,0.34908363223075867
192,315.83197440207005,282.36868155002594,0.0004913806915283203,315.7451977431774,276.0254866722971,0.07749205827713013,371.19416385889053,183.93808507919312,0.3411242365837097,395.00532484054565,148.47362825274467,0.5667513608932495
193,315.392498254776,282.05828297138214,0.0005910694599151611,314.60806035995483,275.15907430648804,0.0854092538356781,378.33080792427063,185.46424055099487,0.03304457664489746,394.95094203948975,137.0869586467743,0.000763624906539917
194,316.4870803952217,271.1881971359253,0.0005392730236053467,315.58227744698524,274.39698100090027,0.031577736139297485,382.47184705734253,184.25314736366272,0.9404534101486206,315.6761519908905,267.80997905135155,0.0005354583263397217
195,316.56232357025146,270.8202006816864,0.001023024320602417,319.210942029953,273.3784747123718,0.3212079405784607,385.3524332046509,185.01981234550476,0.6164112687110901,315.1791309118271,267.29842191934586,0.001181185245513916
196,316.4044624567032,270.1711835861206,0.002176731824874878,319.1786870956421,272.5534715652466,0.7179533839225769,385.0349974632263,184.43579292297363,0.8473615646362305,315.33885061740875,267.00688219070435,0.002509981393814087
197,315.87346620857716,269.5550664663315,0.001458883285522461,316.87678867578506,272.7082290649414,0.8501376509666443,383.3765423297882,182.79646492004395,0.530875563621521,405.6296138763428,141.20056915283203,0.003184080123901367
198,315.906375490129,268.9999552965164,0.002838641405105591,318.191748380661,271.38004636764526,0.9716436862945557,380.99278724193573,184.77014446258545,0.0050986409187316895,410.2688456773758,144.69264578819275,0.7635176181793213
199,315.54543045163155,268.5523906350136,0.0034960806369781494,318.7318227291107,269.1150606870651,0.9866310358047485,319.41525983810425,267.50792080163956,0.007897913455963135,415.7224678993225,154.42056167125702,0.020037293434143066
200,315.54110261797905,267.6741282045841,0.004839867353439331,319.39270210266113,265.10866117477417,0.9896054267883301,319.47127532958984,266.489648103714,0.008008748292922974,315.5262788236141,265.4720413684845,0.005339205265045166
201,315.1028200984001,266.97430980205536,0.005195736885070801,316.81083059310913,263.8698811531067,0.9952056407928467,313.1058020591736,262.30511927604675,0.005892455577850342,315.8332235068083,264.7794826030731,0.004913687705993652
202,301.6343985795975,266.9474188089371,0.002241373062133789,309.5039747953415,261.98640263080597,0.9438780546188354,308.2611559331417,260.96160930395126,0.14260107278823853,322.5904470682144,248.93714833259583,0.0055939555168151855
203,302.01824474334717,267.0871217250824,0.0011183321475982666,260.4884284436703,291.4915799498558,0.8382466435432434,305.6024627685547,260.6176326274872,0.5767063498497009,323.1045126914978,247.4353747367859,0.004875391721725464
204,262.99886655807495,282.91040658950806,0.0007717907428741455,260.46553149819374,289.157110452652,0.9757198095321655,357.6817660331726,218.30772638320923,0.564432680606842,423.86157989501953,203.47302770614624,0.05075231194496155
205,263.17961835861206,282.68495082855225,0.0005590617656707764,261.00257337093353,289.24461555480957,0.9847512245178223,307.68642684817314,260.20928947627544,0.012544900178909302,426.4483208656311,213.60271739959717,0.010225087404251099
206,264.7118909358978,282.6414484977722,0.001097559928894043,264.77438592910767,287.4711949825287,0.9640589952468872,366.49148750305176,231.13167309761047,0.0038470029830932617,266.8161060810089,279.95048999786377,0.001633673906326294
207,265.2802278995514,283.5807412266731,0.0004646778106689453,262.87158489227295,290.5569931268692,0.9093884229660034,373.16010665893555,234.11355888843536,0.8886522054672241,398.5414938926697,227.64660730957985,0.0011476576328277588
208,281.36810779571533,281.47899413108826,0.0006486773490905762,276.1848164051771,282.5485614538193,0.5113553404808044,370.367901802063,245.77809989452362,0.05273398756980896,284.8287076354027,279.67342948913574,0.0013816356658935547
209,283.32760363817215,281.6163823604584,0.0008207857608795166,280.8182590007782,280.0800459384918,0.40101659297943115,288.56988620758057,277.0326280593872,0.09813383221626282,395.34183943271637,250.66002714633942,0.05173605680465698
210,299.41736966371536,281.40270352363586,0.0017618238925933838,293.63569390773773,280.59342098236084,0.10467374324798584,294.6298563480377,279.189932346344,0.5200477838516235,395.86278761923313,258.18558514118195,0.007788419723510742
211,301.6542663574219,282.7235006093979,0.0006926357746124268,302.3311548233032,281.73201608657837,0.20431575179100037,305.03967666625977,279.0949213504791,0.3493368625640869,408.28375577926636,264.88593792915344,0.0170975923538208
212,296.83964562416077,297.5101623535156,0.0003744363784790039,292.09650772064924,294.0059278011322,0.9253973960876465,292.30137154459953,291.8821818456054,0.002891063690185547,401.334929227829,268.58725720644,0.006892353296279907
213,297.44730043411255,297.2447144985199,0.0009633898735046387,296.0151138305664,296.4795687198639,0.990502119064331,296.6750602722168,295.0222191810608,0.009410619735717773,394.2330049276352,282.74017333984375,0.007861971855163574
214,300.5099193453789,299.56364992260933,0.0011857151985168457,305.0460436344147,303.93446111679077,0.9976793527603149,366.06610798835754,293.18693351745605,0.6679465770721436,399.5143027305603,284.81844913959503,0.0019300878047943115
215,301.7677619457245,309.22079157829285,0.002107292413711548,306.89459240436554,310.722975730896,0.9997036457061768,385.93475103378296,299.22250270843506,0.023000776767730713,432.313405752182,303.4351246356964,0.013680249452590942
216,316.3494391143322,315.60335621237755,0.002910703420639038,318.01700949668884,319.86081171035767,0.9955365657806396,318.6100649833679,320.9489276409149,0.010171324014663696,414.42370080947876,313.3331878185272,0.00671955943107605
217,314.6750726699829,329.5709750652313,0.0009383559226989746,312.5684733390808,326.2648239135742,0.9667110443115234,400.6199779510498,317.8573236465454,0.7286286354064941,418.5578718185425,317.03060579299927,0.042001962661743164
218,398.12013363838196,330.8835389614105,0.0008158981800079346,309.1826345920563,331.08279526233673,0.9930944442749023,400.81662940979004,327.1930978298187,0.35005056858062744,419.2001797556877,323.601461827755,0.021138489246368408
219,314.15684735774994,345.48375701904297,0.001221686601638794,308.79532212018967,336.3138704299927,0.9996371865272522,408.92175340652466,331.7143466472626,0.5631253719329834,427.7999415844679,329.9076461791992,0.027073383331298828
220,413.88035702705383,344.889719247818,0.0024136900901794434,311.03894209861755,338.90728747844696,0.9999476075172424,414.87354278564453,331.8948927000165,0.828844428062439,436.52367466688156,331.9956019250676,0.07109862565994263
221,314.22104048728943,345.2627534866333,0.003387242555618286,315.24067014455795,341.54779076576233,0.9998582601547241,420.0574847087264,331.51995411515236,0.8847495317459106,444.0638862848282,330.8955137729645,0.09766817092895508
222,314.5025271177292,345.29496002197266,0.0030131936073303223,315.8427086919546,341.7563897371292,0.9998161792755127,422.2498528957367,329.4726519584656,0.8320983648300171,445.4636207818985,327.04104137420654,0.017182916402816772
223,314.7924646139145,345.70314359664917,0.001675337553024292,317.2677036523819,341.77951836586,0.9997334480285645,422.1129775047302,325.2956175804138,0.9915515184402466,451.5283525288105,317.5292464494705,0.43296897411346436
224,315.4745099544525,345.70687675476074,0.0008856654167175293,316.96327233314514,341.26292729377747,0.9976164698600769,435.41741037368774,317.0097315311432,0.005714595317840576,459.81865344941616,314.37408220767975,0.014727860689163208
225,431.106472492218,315.91580099612474,0.0011512041091918945,319.6930203437805,337.6431920528412,0.9994009733200073,433.3724112510681,313.4373080730438,0.7918916940689087,454.59079217910767,311.4512505531311,0.009854406118392944
226,316.5061681866646,331.6256386935711,0.002710998058319092,323.23622930049896,333.4720015525818,0.9998714923858643,321.04669666290283,330.92874014377594,0.004003196954727173,465.29475593566895,298.5161430835724,0.00493931770324707
227,317.1556895971298,330.84775829315186,0.003200531005859375,324.3559001982212,328.9532482624054,0.9997653365135193,322.0829110145569,328.82425832748413,0.006324291229248047,332.7028052210808,317.86879563331604,0.017238348722457886
228,328.1354727745056,316.6193181872368,0.004675358533859253,323.6388450860977,323.4318561553955,0.9999411702156067,328.8931794166565,326.33753967285156,0.006904184818267822,330.8457646369934,314.3832679986954,0.008395910263061523
229,328.0594091415405,314.0006328821182,0.0010924339294433594,324.23788118362427,318.49952363967896,0.9999721646308899,322.43119716644287,315.31100195646286,0.0019338726997375488,329.8271417617798,311.95834016799927,0.0016542375087738037
230,328.1129779815674,313.652321100235,0.0008215010166168213,326.319344997406,314.4202951192856,0.9999721050262451,331.05633985996246,313.2338020801544,0.0014768242835998535,452.2182027697563,254.79468727111816,0.004805713891983032
231,328.446191072464,312.81585025787354,0.001086205244064331,325.7000341415405,311.07992601394653,0.999975323677063,331.85476100444794,311.08629846572876,0.0028340518474578857,450.7903342247009,249.04832863807678,0.013260573148727417
232,329.5412971973419,299.6218296587467,0.0012169182300567627,329.5626006126404,307.18415892124176,0.9999542236328125,333.8462578058243,309.4254083633423,0.001715153455734253,329.12627601623535,296.5082061290741,0.00368693470954895
233,330.18148827552795,299.02662497758865,0.001241147518157959,331.2946951985359,302.10188007354736,0.9987866878509521,432.33488035202026,245.8898868560791,0.0683603286743164,329.39285707473755,296.1244809627533,0.0019268989562988281
234,330.9344457387924,298.4217382669449,0.001515507698059082,332.8025389909744,297.1051387786865,0.9975219964981079,430.70479559898376,239.47422909736633,0.013571411371231079,330.96009707450867,296.179648399353,0.0015499591827392578
235,330.60486030578613,297.10427927970886,0.0013990700244903564,329.7073585987091,291.7898974865675,0.9978357553482056,412.82271552085876,235.67115107178688,0.953357458114624,443.89766282588243,211.57984718680382,0.9155325889587402
236,330.5959072113037,284.03203891962767,0.0052193403244018555,331.1041746735573,286.0707423686981,0.9897405505180359,402.3249784708023,234.1346960067749,0.9991295337677002,434.0810385942459,213.40382194519043,0.5787394642829895
237,399.13996386528015,235.2602967619896,0.0021209418773651123,327.9781348705292,285.7200070619583,0.8840019106864929,400.08484411239624,230.25313091278076,0.9980142712593079,430.1052041053772,212.18774391710758,0.9755203127861023
238,398.11827635765076,234.666987657547,0.0023237764835357666,332.41571217775345,280.826780796051,0.19804155826568604,400.3019652366638,229.23391950130463,0.9811917543411255,430.45119166374207,208.41399908065796,0.9683473110198975
239,398.11511731147766,234.7463446855545,0.0015781223773956299,331.5943801999092,280.6438114643097,0.3175322413444519,400.12573289871216,228.60673493146896,0.9658421874046326,430.20041155815125,208.20345091819763,0.9557368755340576
240,426.9441349506378,205.7546397447586,0.0006756782531738281,334.16931796073914,278.3521821498871,0.19770261645317078,399.6520311832428,225.91560244560242,0.5045057535171509,429.1847348213196,205.11391735076904,0.964666485786438
241,331.1784578561783,282.155012011528,0.0005855858325958252,327.34011912345886,276.01774639077485,0.6724341511726379,400.9755325317383,225.1440715789795,0.039467453956604004,427.9977820594795,205.02271246910095,0.7706866264343262
242,331.0653451681137,282.01299154758453,0.00038501620292663574,326.3585157394409,276.0356742441654,0.5957553386688232,401.3161573410034,224.82744979858398,0.06634002923965454,425.69252014160156,206.87897443771362,0.2626962661743164
243,330.7633332014084,282.235239982605,0.0003273189067840576,325.2505484819412,276.40272238850594,0.5239302515983582,400.2628936767578,224.4389066696167,0.05605548620223999,428.386135160923,203.16729372739792,0.28153517842292786
244,330.71840250492096,281.9619195461273,0.0004272758960723877,326.0862374305725,276.5248330235481,0.6385812759399414,109.27250719070435,329.4765889644623,0.15307864546775818,428.23951657116413,202.94589030742645,0.4801150858402252
245,330.15758669376373,282.14937829971313,0.0006625652313232422,325.98551738262177,276.8387587070465,0.8793970346450806,400.95669984817505,222.84286403656006,0.3597750663757324,429.1313589811325,201.36981225013733,0.8303511738777161
246,331.19656509160995,281.6346125602722,0.0007732808589935303,331.1319175362587,275.4021140933037,0.7404128313064575,399.33432054519653,221.6842062473297,0.2553449273109436,433.3030595779419,195.29127806425095,0.7995588779449463
247,398.83421993255615,220.10312142968178,0.00046315789222717285,330.5170090198517,276.379064232111,0.550403356552124,398.27867913246155,217.79130101203918,0.3032832145690918,430.1351013183594,192.94446539878845,0.975472092628479
248,330.06681966781616,281.9046673774719,0.0006836652755737305,329.11964750289917,276.62373900413513,0.9160880446434021,389.48726069927216,213.51037800312042,0.06402862071990967,429.3920909166336,189.19167268276215,0.9085721969604492
249,428.2617994248867,186.84279549121857,0.00045868754386901855,326.4874007701874,277.4778369665146,0.3916134238243103,392.11091470718384,206.18653464317322,0.1592411994934082,426.8635838031769,179.00018280744553,0.9900909662246704
250,428.35773277282715,187.21023112535477,0.000334322452545166,326.5649981498718,277.3021706342697,0.38454899191856384,391.78933095932007,205.97390222549438,0.0391409695148468,425.6636908054352,178.63982701301575,0.9667125940322876
251,329.1654362678528,282.97322821617126,7.44163990020752e-05,325.6017360687256,277.50805699825287,0.501388430595398,386.9225274324417,200.59631490707397,0.12465405464172363,423.6098663806915,171.8932079076767,0.18087780475616455
252,329.40557861328125,281.68880558013916,0.0006566047668457031,325.03025019168854,276.9231964945793,0.9817951917648315,382.7890713214874,194.62338244915009,0.965362548828125,416.19790983200073,161.1977822780609,0.6290764808654785
253,315.4391210079193,285.58404779434204,0.00018855929374694824,321.84803652763367,281.26423478126526,0.016116857528686523,371.9048301950097,182.54952549934387,0.08753073215484619,313.44422793388367,281.10018515586853,9.912252426147461e-05
254,365.5288248062134,187.62259247899055,0.0014105141162872314,320.45149779319763,279.50587940216064,0.25015026330947876,365.8986678123474,182.06617426872253,0.9247102737426758,383.50026631355286,130.77550840377808,0.8215583562850952
255,315.16640388965607,282.22187411785126,0.0031627118587493896,316.3176834285259,279.01063084602356,0.8783739805221558,357.81716108322144,183.63705945014954,0.1476687788963318,373.9267041683197,130.65001666545868,0.011261701583862305
256,314.6940257549286,281.7725851535797,0.0026307106018066406,314.78582298755646,277.6136759519577,0.963606595993042,352.39497351646423,181.0137358903885,0.016653209924697876,314.88624346256256,280.97776103019714,0.0018322467803955078
257,315.14463675022125,269.7253874540329,0.003246396780014038,315.9367421194911,274.68837010860443,0.98944091796875,347.70585241913795,181.73811197280884,0.3233599066734314,314.3206956386566,266.42345654964447,0.00443035364151001
258,355.31325739622116,77.47019267082214,0.0032764971256256104,313.30657052993774,274.4520287513733,0.6710948944091797,344.8643946647644,175.87331080436707,0.11496230959892273,269.7998597621918,297.7876019477844,0.0002523958683013916
259,354.93764340877533,78.2165424823761,0.020653992891311646,310.0945932865143,273.2880690097809,0.5899906754493713,343.90173053741455,174.78027939796448,0.10957345366477966,144.8644723892212,298.42249953746796,0.0009267628192901611
260,355.10381001234055,78.17044019699097,0.012031346559524536,258.5151826143265,305.96893787384033,0.5213750600814819,343.79544162750244,174.50412130355835,0.20665967464447021,144.67488288879395,298.40800845623016,0.0008003711700439453
261,355.31439822912216,77.27633428573608,0.03072485327720642,308.98150569200516,270.7325837612152,0.6561180949211121,343.1321187019348,171.94691499695182,0.4972382187843323,299.9577968940139,267.25796496868134,0.0010793805122375488
262,351.9266288280487,77.22333633899689,0.020943820476531982,307.4226516485214,267.5745915174484,0.9267033338546753,341.5606360435486,167.78214693069458,0.7907825708389282,144.91702842712402,299.52552288770676,0.0020848214626312256
263,354.86453890800476,75.91937264055014,0.025650382041931152,308.2269866913557,262.71401143074036,0.9872223138809204,342.22591161727905,163.5138177871704,0.9644308090209961,362.03409934043884,116.03891897201538,0.028695493936538696
264,299.9876961139962,252.95524317026138,0.0048167407512664795,305.1765525341034,257.5639109611511,0.978373646736145,347.2749881744385,154.66329777240753,0.9040718078613281,299.3312274813652,250.69515419006348,0.005737811326980591
265,350.0133171081543,154.4594887495041,0.003485172986984253,302.8639211654663,254.387864112854,0.9714362621307373,350.008261680603,150.3948950767517,0.9957826137542725,374.31778836250305,112.16743469238281,0.07651662826538086
266,350.1879606246948,153.87431287765503,0.0028917789459228516,248.29237151145935,300.1700773239136,0.9361987113952637,350.16812562942505,148.49184599518776,0.9982879161834717,374.7331631183624,111.91937112808228,0.944502592086792
267,350.1946566104889,139.90594850480556,0.0036028027534484863,247.42655611038208,300.08791037648916,0.9682513475418091,352.52966833114624,145.1753692626953,0.9978734254837036,381.77384054660797,111.04877400398254,0.9019940495491028
268,350.97527527809143,140.03962745144963,0.0032737553119659424,247.09938287734985,299.58635929226875,0.9798228740692139,353.25789642333984,144.3420705795288,0.995812177658081,385.9549033641815,105.4843316078186,0.9662212133407593
269,351.77443385124207,139.98633397370577,0.0037896335124969482,247.50987148284912,298.14954364299774,0.9661145210266113,352.8559820652008,142.2064995765686,0.9966126084327698,387.2226946949959,104.94192743301392,0.932905912399292
270,352.1012706756592,139.96185138449073,0.003170222043991089,247.48634266853333,295.5989441871643,0.985090970993042,352.11092376708984,142.06689500808716,0.99544358253479,386.50089395046234,104.8458309173584,0.9846388101577759
271,352.0895266532898,140.0221440102905,0.0037871599197387695,247.62864804267883,295.3400707244873,0.9864848852157593,352.3501420021057,141.8435629606247,0.9970870018005371,386.8641790151596,104.92493867874146,0.9914072751998901
272,352.305983543396,139.61286103725433,0.0026597976684570312,247.56688499450684,293.2969409227371,0.9907044768333435,352.4227509498596,140.2846468091011,0.9963705539703369,385.4337775707245,103.30482244491577,0.9748319387435913
273,351.92692041397095,138.83842945098877,0.002928107976913452,247.49992179870605,291.0212793946266,0.9964599609375,351.20615911483765,136.8292999267578,0.9940555691719055,380.5043920278549,104.43582248687744,0.9810420274734497
274,351.39284920692444,138.50204718112946,0.003583937883377075,247.5982723236084,289.8056364059448,0.973968505859375,352.0253691673279,135.57223534584045,0.992264449596405,380.5398075580597,103.21525168418884,0.8875601887702942
275,350.9177176952362,137.6876096725464,0.0018763542175292969,247.95172500610352,287.71867299079895,0.9647859930992126,352.83946418762207,131.5331280529499,0.9984070062637329,378.9859302043915,101.59892678260803,0.9565913081169128
276,349.65312910079956,137.3737232685089,0.0026043951511383057,248.01043367385864,286.2026391029358,0.9744964838027954,350.32549810409546,131.5619633793831,0.9989550709724426,375.4950268268585,101.04577648639679,0.6338789463043213
277,348.82336658239365,137.70491361618042,0.003963857889175415,248.11276006698608,284.974971473217,0.991868257522583,345.3590919971466,133.59371757507324,0.9945638179779053,370.81742107868195,98.71445024013519,0.16294199228286743
278,348.89279490709305,137.65844058990479,0.0017218589782714844,248.48024368286133,285.3305902481079,0.9917136430740356,342.55916833877563,133.13737976551056,0.9972978830337524,363.581218123436,107.2271443605423,0.03279143571853638
279,249.78427720069885,281.8571538925171,0.0010502040386199951,249.21214771270752,284.2183323055506,0.9957249164581299,338.54015159606934,135.2409405708313,0.9202081561088562,250.3861721754074,280.33612537384033,0.0009565949440002441
280,249.6194486618042,282.07813262939453,0.0006707608699798584,248.9865574836731,284.5558223724365,0.9917575120925903,338.41016387939453,138.6572527885437,0.34414142370224,144.49234676361084,298.55630135536194,0.001810997724533081
281,345.039430141449,77.57264709472656,0.0007977783679962158,250.47627317905426,284.71604412794113,0.9679341316223145,337.0395622253418,141.03143000602722,0.020239174365997314,250.21629297733307,279.6047067642212,0.00021532177925109863
282,345.23150396347046,78.18099737167358,0.0009128153324127197,250.46663975715637,284.85358119010925,0.9582073092460632,335.46946024894714,143.67029476165771,0.03223428130149841,351.1592757701874,94.07385873794556,0.00035697221755981445
283,346.0142574310303,79.02178430557251,0.0009572207927703857,250.1610987186432,285.5208885669708,0.8505814075469971,334.1824882030487,145.24064993858337,0.2398211658000946,299.42783707380295,233.52210187911987,0.0005993843078613281
284,354.1764613389969,79.8587646484375,0.0010638236999511719,250.28629183769226,285.7500035762787,0.787443995475769,334.77677607536316,144.56590604782104,0.5331363081932068,351.52348017692566,112.74597930908203,0.0018972456455230713
285,300.5206278562546,237.29387891292572,0.0007207393646240234,250.25385749340057,285.91059160232544,0.6672435998916626,336.3923110961914,147.01019859313965,0.10658895969390869,350.0452015399933,113.2433226108551,0.0010502636432647705
286,299.6220448613167,237.89719533920288,0.00038686394691467285,250.39657866954803,286.89495396614075,0.8432149887084961,337.31994438171387,153.86959218978882,0.040008485317230225,299.388775408268,234.7826235294342,0.0005148351192474365
287,347.4467616081238,154.94876885414124,0.000352323055267334,252.16986367106438,287.70197319984436,0.7697367668151855,338.9709062576294,152.06900548934937,0.8438122868537903,359.06874680519104,116.55529671907425,0.0007017254829406738
288,302.640234708786,238.53607201576233,0.00014209747314453125,306.8360924720764,243.42592644691467,0.6625789403915405,343.184916973114,157.12877428531647,0.014482975006103516,364.56123292446136,122.80846965312958,0.0005034804344177246
289,313.73758602142334,251.48048371076584,0.00028705596923828125,313.3569583892822,251.81293734908104,0.9624223709106445,357.10082244873047,159.0491714477539,0.9602104425430298,383.53358149528503,135.8667287826538,0.0004748106002807617
290,314.58622205257416,252.88083320856094,0.0013713538646697998,317.6447340250015,256.7008285522461,0.8298237919807434,367.03415966033936,162.9541152715683,0.012630969285964966,315.2005468606949,249.47996473312378,0.0018332898616790771
291,315.7041465342045,254.3617022037506,0.00019046664237976074,319.7962052822113,263.51487374305725,0.7135411500930786,319.7200541496277,256.63870906829834,0.0003910064697265625,315.58590665459633,250.801753282547,0.0004999935626983643
292,315.1903862953186,254.10487174987793,0.0001914501190185547,318.567996263504,263.8126685619354,0.709392249584198,318.856543302536,256.6759624481201,0.0003604590892791748,315.78632202744484,250.70350527763367,0.0005202591419219971
293,316.8382556438446,269.9356894493103,0.00014770030975341797,320.0964934825897,270.206312417984,0.5763794183731079,321.5195999145508,273.0654630661011,0.0009127259254455566,410.9148312807083,147.49024629592896,0.0005314648151397705
294,318.2789857387543,283.27337169647217,0.000517427921295166,323.6741413772106,277.59783601760864,0.9370003938674927,324.20807588100433,277.0059198141098,0.0005025565624237061,330.9406011104584,266.1079820394516,0.0002516806125640869
295,304.81274700164795,285.50059616565704,0.0002522766590118408,320.5116488933563,284.5887308716774,0.3909189999103546,311.87592601776123,286.38582849502563,0.010257095098495483,437.73523688316345,179.19514048099518,0.005514651536941528
296,6.083123207092285,78.48154354095459,0.0001271069049835205,322.0369064807892,293.19150948524475,0.4209113121032715,413.74343085289,229.87296962738037,0.0009641051292419434,443.5079534649849,193.25913882255554,0.0002886652946472168
297,320.55664348602295,308.48647478222847,0.0001493692398071289,327.15911316871643,306.7083820104599,0.9966020584106445,118.96270275115967,327.2180528640747,0.0006169974803924561,329.62988018989563,295.88823890686035,0.0003469884395599365
298,317.35217797756195,315.06569254398346,0.0011654198169708252,324.11760334670544,314.1929552555084,0.999943733215332,322.58655643463135,314.88821721076965,0.0022650957107543945,451.3277758359909,250.7880584001541,0.012471675872802734
299,329.279465675354,329.71144342422485,0.003650069236755371,327.408887386322,327.6672668457031,0.998121976852417,121.77770185470581,326.4665598869324,0.01920902729034424,330.0821474790573,321.48205375671387,0.004713922739028931
300,474.113254904747,317.82615077495575,0.0013591945171356201,323.38338202238083,346.48961651325226,0.9997999668121338,435.51427975296974,319.8254990577698,0.9971827864646912,477.4443918466568,320.6452326774597,0.9172821044921875
301,430.66850423812866,332.6949511766434,0.0026734769344329834,325.3232020139694,356.7525825500488,0.9999427795410156,432.5436980724335,337.9671938419342,0.999786913394928,506.5440616607666,342.9247498512268,0.003750026226043701
302,431.65002727508545,349.8574575185776,0.00314253568649292,321.6013607978821,364.8243091106415,0.9997868537902832,435.96919135563076,352.5282118320465,0.9996789693832397,470.0839583873749,356.27692341804504,0.12364509701728821
303,431.5942795276642,349.75518774986267,0.0032089054584503174,321.43813157081604,364.9560502767563,0.9997335076332092,435.8676705956459,352.42956042289734,0.9996897578239441,470.1248743534088,356.217605009675,0.12143990397453308
304,432.0441951751709,365.04286456108093,0.003712177276611328,319.28871726989746,369.50391602516174,0.9992005825042725,438.5174388885498,362.64662432670593,0.9983787536621094,469.41426730155945,367.8515646457672,0.02140021324157715
305,443.59661677479744,378.588658452034,0.004575848579406738,318.38860607147217,374.1247260570526,0.9976034164428711,436.98401015996933,371.2393552660942,0.9993343353271484,467.3362507224083,379.1345828175545,0.7791359424591064
306,444.4186989068985,379.6888065934181,0.004925668239593506,321.20487356185913,377.3250684738159,0.9440179467201233,443.85974556207657,378.3816040754318,0.9912496209144592,469.6087040901184,384.2824053764343,0.6292466521263123
307,445.63018333911896,379.87198054790497,0.003642469644546509,320.3281831741333,378.47711730003357,0.9663788676261902,445.4298537969589,381.61171555519104,0.995008647441864,469.03049969673157,386.78040838241577,0.5194731950759888
308,445.99713480472565,379.82742792367935,0.003865182399749756,322.9384367465973,380.07605092972517,0.9814807176589966,446.1252992153168,380.9158212542534,0.9962390661239624,470.5240089893341,386.91906201839447,0.529517650604248
309,446.2635016441345,379.8403952717781,0.002478301525115967,325.0574930906296,379.9514776878059,0.9857247471809387,449.01207065582275,378.7174130678177,0.954237699508667,477.8348071575165,383.5400047302246,0.0659288763999939
310,505.5005888938904,381.61483228206635,0.0032088160514831543,325.15734601020813,378.325984954834,0.9903504252433777,450.1864821910858,376.53211307525635,0.9796074628829956,477.73632740974426,377.50945138931274,0.2828117609024048
311,446.9063820838928,364.67114651203156,0.0024736523628234863,326.129732131958,375.7810251712799,0.9972305297851562,449.7654948234558,370.7451812028885,0.998354971408844,537.3680374622345,381.1939001083374,0.09929829835891724
312,458.9204125404358,349.5063817501068,0.0055925846099853516,333.8142932653427,372.43191036581993,0.9987820982933044,454.6729919910431,353.1166045665741,0.9998903274536133,498.62956190109253,351.7588710784912,0.3952903747558594
313,461.3499494791031,347.1463757753372,0.003563910722732544,331.7385493218899,367.15493845939636,0.9956060647964478,458.3588604927063,344.67957377433777,0.9929843544960022,499.63479372859,344.48672890663147,0.9098633527755737
314,461.68802416324615,347.26671010255814,0.0030669569969177246,332.1486529111862,367.24643182754517,0.9963440895080566,459.0060086250305,344.769314289093,0.9932552576065063,499.2242249250412,344.65752053260803,0.90957111120224
315,462.7107684612274,332.66902166604996,0.004038214683532715,336.2866644859314,362.2851972579956,0.9995998740196228,462.5963296890259,333.7704223394394,0.9973483085632324,500.3201017677784,332.34564435482025,0.9917343854904175
316,344.9204044342041,361.4720251560211,0.0014819800853729248,344.2407503128052,356.5232456922531,0.9999533891677856,468.9292986392975,324.0840318053961,0.9753726720809937,499.5623737871647,320.3468472957611,0.978329598903656
317,345.26996088027954,346.69858944416046,0.0011723041534423828,344.92468309402466,349.1265562772751,0.9977971315383911,465.4664487838745,315.2109651565552,0.7023809552192688,496.11230087280273,310.08819580078125,0.24076464772224426
318,359.91204500198364,345.596887588501,0.0003248155117034912,356.1589273661375,343.6849400997162,0.9980026483535767,467.71176424622536,307.043443441391,0.015008479356765747,496.98663234710693,297.6708905696869,0.8256714344024658
319,360.4777548313141,331.3614273071289,0.0019241571426391602,358.68311405181885,339.99701537028886,0.9998819828033447,481.0281181335449,298.7883267402649,0.021679550409317017,496.1484570503235,290.4275983572006,0.3848310708999634
320,362.12805902957916,330.7450876235962,0.0030268728733062744,362.1451026201248,335.07921409606934,0.996955394744873,472.36355781555176,291.9146515876055,0.09211474657058716,498.1027207374573,283.248759329319,0.9723145365715027
321,363.09048050642014,331.0665086507797,0.004106193780899048,364.9441651105881,332.36364698410034,0.9978139400482178,488.68029975891113,286.6978714466095,0.02431410551071167,505.6800785064697,278.33543634414673,0.9626154899597168
322,363.4481625556946,331.01878494024277,0.004386484622955322,365.97050499916077,332.77127689123154,0.998418927192688,490.7373969554901,284.19412061572075,0.024091631174087524,505.43531703948975,276.19672280550003,0.8040776252746582
323,363.78299355506897,331.0794135928154,0.0031951963901519775,367.2278199195862,336.0624957084656,0.998986005783081,491.5430811047554,286.4712722301483,0.12250679731369019,510.54872822761536,275.3735132217407,0.9626433849334717
324,371.00052320957184,333.98465502262115,0.0025182366371154785,371.8368840813637,339.99421181716025,0.9996155500411987,481.8547863960266,290.67399537563324,0.1575792133808136,508.6977190375328,281.5759415626526,0.9530771970748901
325,376.66180181503296,346.14244544506073,0.001006990671157837,371.7650495171547,342.8948485851288,0.995466947555542,489.2659111022949,298.39814281463623,0.06474059820175171,507.86976285278797,287.20881938934326,0.39146214723587036
326,373.5690050125122,347.92579244077206,0.0003260672092437744,367.79047775268555,352.9936864376068,0.998779296875,474.5210671424866,315.7696244418621,0.021481215953826904,504.78451585769653,296.5903220176697,0.020168006420135498
327,478.29998302459717,331.23181569576263,0.0003400146961212158,370.8510367870331,361.5850510597229,0.9931914806365967,467.45698446035385,329.41344809532166,0.49839162826538086,499.11677449941635,318.35947847366333,0.0160599946975708
328,463.71943736076355,348.30663099884987,0.0010016560554504395,369.46809339523315,371.24299508333206,0.9931861162185669,464.3433268070221,348.71596497297287,0.9907832145690918,506.51134061813354,344.53255558013916,0.45463794469833374
329,460.8183771967888,364.77038729190826,0.003285706043243408,461.1932612657547,371.4962447285652,0.04967176914215088,462.06709003448486,370.6183694601059,0.998992383480072,501.69168269634247,374.9489254951477,0.6556634902954102
330,447.2424554824829,396.672080039978,0.0006645023822784424,450.75568652153015,398.08360600471497,0.008306145668029785,449.8298718929291,396.3308952450752,0.34464555978775024,463.5022087097168,397.77874982357025,0.0007245540618896484
331,6.968748569488525,482.5550389289856,4.32431697845459e-05,350.0960440635681,384.182541847229,3.49581241607666e-05,234.38152086734772,174.27758502960205,0.00030928850173950195,199.70676803588867,347.0601909160614,4.780292510986328e-05
332,6.324783563613892,79.0084638595581,5.131959915161133e-05,1.909214735031128,75.9244122877717,2.4080276489257812e-05,241.5958285331726,174.4700357913971,0.00027820467948913574,1.260627269744873,76.19929632544518,5.581974983215332e-05
333,5.886578679084778,78.83082604408264,7.399916648864746e-05,202.1998771429062,324.7592362165451,6.347894668579102e-05,243.59788870811462,175.5340621471405,0.001738220453262329,1.2240660190582275,76.12442212551832,6.726384162902832e-05
334,5.757080912590027,79.16443657875061,0.00012287497520446777,1.4186968803405762,75.29039788246155,3.930926322937012e-05,245.19694352149963,177.5699143409729,0.0008029639720916748,194.09568071365356,372.3050875365734,0.00010269880294799805
335,5.997337222099304,79.18480944633484,6.964802742004395e-05,3.6002053022384644,172.70967942476273,3.316998481750488e-05,3.269366443157196,478.96975588798523,7.733702659606934e-05,110.95553827285767,347.48597037792206,7.256865501403809e-05
336,6.640785217285156,79.2296495437622,8.821487426757812e-05,132.07833245396614,351.8492136001587,0.00024068355560302734,3.208830237388611,479.0834376811981,6.973743438720703e-05,1.5605144500732422,77.18342900276184,7.775425910949707e-05
337,6.549821853637695,79.78643989562988,7.912516593933105e-05,133.18263709545135,352.639253616333,6.350874900817871e-05,3.150685429573059,479.21699118614197,6.008148193359375e-05,189.50320029258728,390.0979449748993,0.0005693435668945312
338,6.406207084655762,79.88577103614807,4.0143728256225586e-05,226.10237729549408,327.3101978302002,0.0011958479881286621,3.1203612089157104,479.21073031425476,5.361437797546387e-05,181.0572041273117,389.8353350162506,0.003352731466293335
339,6.422569036483765,79.54002737998962,7.614493370056152e-05,134.15516591072083,353.97275018692017,0.00019484758377075195,3.0847517251968384,479.14060378074646,4.836916923522949e-05,172.23492167890072,391.16940569877625,0.00011563301086425781
340,6.369482517242432,79.82261538505554,8.609890937805176e-05,269.25663781166077,405.8287545442581,0.0007236003875732422,3.176660120487213,479.0768084526062,4.920363426208496e-05,0.9743282794952393,76.00865934044123,8.052587509155273e-05
341,6.405364274978638,79.60454773902893,4.9740076065063477e-05,301.427188038826,251.42896097898483,0.0007095932960510254,3.2845325469970703,478.9932429790497,5.6743621826171875e-05,1.1787679195404053,76.3470086157322,6.145238876342773e-05
342,6.493939638137817,79.49206614494324,0.00010073184967041016,262.8176341056824,394.5470440387726,0.0005742311477661133,3.349281430244446,478.9352197647095,5.245208740234375e-05,1.3444492816925049,76.160569190979,0.00011175870895385742
343,6.206788539886475,79.01125836372375,0.0001424849033355713,310.38317108154297,252.5402901172638,0.0027615129947662354,3.447089970111847,478.899295091629,5.9604644775390625e-05,1.479572057723999,76.44500774145126,0.00011670589447021484
344,7.205060005187988,482.47127294540405,4.693865776062012e-05,282.62858951091766,392.39634799957275,0.0002257227897644043,3.491326332092285,478.9489850997925,5.716085433959961e-05,1.2999165058135986,76.60065281391144,5.415081977844238e-05
345,6.021534442901611,79.47526526451111,6.86943531036377e-05,283.7458486557007,358.8980596065521,0.00012451410293579102,3.451743960380554,478.93408966064453,5.9157609939575195e-05,1.1342582702636719,76.70074421167374,7.49826431274414e-05
346,7.250012397766113,482.4287095069885,5.424022674560547e-05,306.5512173175812,405.48482728004456,6.902217864990234e-05,3.4438661336898804,478.9509382247925,6.437301635742188e-05,1.148531436920166,76.64362889528275,7.033348083496094e-05
347,7.2466511726379395,482.3550534248352,6.553530693054199e-05,320.04498195648193,410.0420627593994,0.0003968179225921631,3.452718138694763,478.9135625362396,7.56680965423584e-05,1.2268187999725342,76.3559041917324,5.626678466796875e-05
348,7.217919588088989,482.18203258514404,6.99162483215332e-05,221.57591259479523,383.62933373451233,0.0010939538478851318,3.3431554436683655,478.8360948562622,8.431077003479004e-05,186.15250182151794,375.0256414413452,6.0439109802246094e-05
349,257.7116847038269,290.9956237077713,9.837746620178223e-05,224.88051509857178,383.0091049671173,0.014484822750091553,3.2775610089302063,478.81549096107483,0.00010031461715698242,234.47463822364807,362.21825885772705,0.00015878677368164062
350,7.19287109375,481.99334621429443,9.122490882873535e-05,223.75710201263428,376.870258808136,0.007660776376724243,3.279731273651123,478.7871515750885,0.00010138750076293945,234.01882767677307,361.87049889564514,0.00019973516464233398
351,7.1812968254089355,482.063494682312,7.826089859008789e-05,244.75806897878647,398.19545459747314,0.000271528959274292,3.3586705327033997,478.8108265399933,8.848309516906738e-05,1.3977687358856201,479.087007522583,5.334615707397461e-05
352,7.11995267868042,482.18731117248535,7.921457290649414e-05,237.55799055099487,393.34978914260864,0.15067851543426514,3.4402748942375183,478.8511972427368,8.848309516906738e-05,286.91012954711914,309.81579291820526,9.515881538391113e-05
353,7.1818530559539795,482.2621569633484,5.969405174255371e-05,238.9745967388153,392.37525272369385,0.009236007928848267,3.4813573956489563,478.8348512649536,7.104873657226562e-05,302.1164140701294,305.98044776916504,0.00017455220222473145
354,6.9551520347595215,482.29067945480347,6.091594696044922e-05,238.97332882881165,392.3860921859741,0.0019458532333374023,3.501698076725006,478.91337990760803,7.179379463195801e-05,303.3834674358368,308.2654474079609,0.00016045570373535156
355,6.74605917930603,482.1542372703552,7.838010787963867e-05,157.2856103181839,394.6321334838867,0.0007008910179138184,3.533269464969635,478.81497716903687,9.819865226745605e-05,1.3198127746582031,478.92848110198975,5.397200584411621e-05
356,6.881991147994995,482.0384593009949,0.00010567903518676758,246.15575051307678,396.2191219627857,0.0006493628025054932,3.6270208060741425,478.95748233795166,0.00011399388313293457,1.2775483131408691,479.11363339424133,6.029009819030762e-05
357,7.01045298576355,482.0145163536072,0.00010532140731811523,243.78304325044155,401.9384980201721,0.20765188336372375,3.5153552293777466,478.993803024292,0.00011438131332397461,1.423187255859375,479.17715644836426,6.571412086486816e-05
358,62.06830143928528,396.52243399620056,0.00018486380577087402,65.93711924552917,391.30763816833496,0.04658907651901245,65.3788480758667,394.5702692270279,0.0006407201290130615,313.6305322647095,323.52022472023964,0.0011764764785766602
